-- MySQL dump 10.13  Distrib 8.0.34, for Win64 (x86_64)
--
-- Host: localhost    Database: fs_agency
-- ------------------------------------------------------
-- Server version	8.0.35

/*!40101 SET @OLD_CHARACTER_SET_CLIENT=@@CHARACTER_SET_CLIENT */;
/*!40101 SET @OLD_CHARACTER_SET_RESULTS=@@CHARACTER_SET_RESULTS */;
/*!40101 SET @OLD_COLLATION_CONNECTION=@@COLLATION_CONNECTION */;
/*!50503 SET NAMES utf8 */;
/*!40103 SET @OLD_TIME_ZONE=@@TIME_ZONE */;
/*!40103 SET TIME_ZONE='+00:00' */;
/*!40014 SET @OLD_UNIQUE_CHECKS=@@UNIQUE_CHECKS, UNIQUE_CHECKS=0 */;
/*!40014 SET @OLD_FOREIGN_KEY_CHECKS=@@FOREIGN_KEY_CHECKS, FOREIGN_KEY_CHECKS=0 */;
/*!40101 SET @OLD_SQL_MODE=@@SQL_MODE, SQL_MODE='NO_AUTO_VALUE_ON_ZERO' */;
/*!40111 SET @OLD_SQL_NOTES=@@SQL_NOTES, SQL_NOTES=0 */;

--
-- Table structure for table `agency`
--

DROP TABLE IF EXISTS `agency`;
/*!40101 SET @saved_cs_client     = @@character_set_client */;
/*!50503 SET character_set_client = utf8mb4 */;
CREATE TABLE `agency` (
  `id` varchar(40) NOT NULL,
  `name` varchar(255) NOT NULL,
  `created_date` date DEFAULT NULL,
  `update_date` date DEFAULT NULL,
  `phone` varchar(20) DEFAULT NULL,
  `address` varchar(255) DEFAULT NULL,
  `code` varchar(255) DEFAULT NULL,
  `company_id` varchar(40) DEFAULT NULL,
  PRIMARY KEY (`id`)
) ENGINE=InnoDB DEFAULT CHARSET=utf8mb4 COLLATE=utf8mb4_0900_ai_ci;
/*!40101 SET character_set_client = @saved_cs_client */;

--
-- Dumping data for table `agency`
--

LOCK TABLES `agency` WRITE;
/*!40000 ALTER TABLE `agency` DISABLE KEYS */;
/*!40000 ALTER TABLE `agency` ENABLE KEYS */;
UNLOCK TABLES;

--
-- Table structure for table `category`
--

DROP TABLE IF EXISTS `category`;
/*!40101 SET @saved_cs_client     = @@character_set_client */;
/*!50503 SET character_set_client = utf8mb4 */;
CREATE TABLE `category` (
  `id` varchar(40) NOT NULL,
  `Code` varchar(40) DEFAULT NULL,
  `name` varchar(255) DEFAULT NULL,
  `comment` varchar(255) DEFAULT NULL,
  PRIMARY KEY (`id`)
) ENGINE=InnoDB DEFAULT CHARSET=utf8mb4 COLLATE=utf8mb4_0900_ai_ci;
/*!40101 SET character_set_client = @saved_cs_client */;

--
-- Dumping data for table `category`
--

LOCK TABLES `category` WRITE;
/*!40000 ALTER TABLE `category` DISABLE KEYS */;
/*!40000 ALTER TABLE `category` ENABLE KEYS */;
UNLOCK TABLES;

--
-- Table structure for table `colors`
--

DROP TABLE IF EXISTS `colors`;
/*!40101 SET @saved_cs_client     = @@character_set_client */;
/*!50503 SET character_set_client = utf8mb4 */;
CREATE TABLE `colors` (
  `id` varchar(50) DEFAULT NULL,
  `name` varchar(50) DEFAULT NULL,
  `addition` decimal(10,0) DEFAULT NULL,
  `idProduct` varchar(50) DEFAULT NULL,
  `image` varchar(255) DEFAULT NULL
) ENGINE=InnoDB DEFAULT CHARSET=utf8mb4 COLLATE=utf8mb4_0900_ai_ci;
/*!40101 SET character_set_client = @saved_cs_client */;

--
-- Dumping data for table `colors`
--

LOCK TABLES `colors` WRITE;
/*!40000 ALTER TABLE `colors` DISABLE KEYS */;
INSERT INTO `colors` VALUES ('866cbb18-35f7-4e10-ac0d-f9a83b1b31ba','Black',136363,'e77c1e9b-dadf-4ee2-aa09-c5cdbf66da6f','assets/food_5.jpg'),('07306859-1c96-49c3-9620-9a9e35a3dfb8','Pink',53234,'e77c1e9b-dadf-4ee2-aa09-c5cdbf66da6f','assets/food_7.jpg'),('406be36f-e4f8-406e-b32f-db50928d6883','Brown',146264,'e77c1e9b-dadf-4ee2-aa09-c5cdbf66da6f','assets/food_11.jpg'),('297669be-566d-443b-ba4f-bddfca7b8acc','Black',228547,'ca9bfe54-fd77-4e48-83a3-34cc8a8a46fe','assets/food_15.jpg'),('0cbb4a34-984c-41aa-b87b-84fd27e56157','Blue',94465,'ca9bfe54-fd77-4e48-83a3-34cc8a8a46fe','assets/food_13.jpg'),('f269eced-9fac-41fc-92a2-cc726dbed95d','Brown',232158,'ca9bfe54-fd77-4e48-83a3-34cc8a8a46fe','assets/food_0.jpg'),('32955f86-6a96-44bb-adbd-d3730b55260c','White',237965,'baf122ff-5a71-4bdc-9578-b881bc94b4b9','assets/food_12.jpg'),('ce0a69bb-4285-42d6-bd35-be995185de8a','Brown',219574,'baf122ff-5a71-4bdc-9578-b881bc94b4b9','assets/food_8.jpg'),('fa63e673-e362-48e5-8668-60e6ecd6159e','Yellow',219883,'baf122ff-5a71-4bdc-9578-b881bc94b4b9','assets/food_8.jpg'),('57803ed0-8248-4f50-97b5-b902c3aa7c0e','White',87381,'6a510471-167d-4369-9dc9-fd0a8c717418','assets/food_7.jpg'),('3bf8b222-dcda-4210-8128-91cd33cfb056','Pink',230089,'6a510471-167d-4369-9dc9-fd0a8c717418','assets/food_14.jpg'),('96bfb9da-029a-4d72-b660-596f76720a5b','Blue',50350,'6a510471-167d-4369-9dc9-fd0a8c717418','assets/food_9.jpg'),('63da6c34-cce0-4e17-871c-29b11f08ce54','Brown',103299,'6a510471-167d-4369-9dc9-fd0a8c717418','assets/food_5.jpg'),('96362fdb-5c49-49ec-86e2-c46f424b244d','Yellow',133751,'6a510471-167d-4369-9dc9-fd0a8c717418','assets/food_4.jpg'),('dc814cc1-3471-4ba2-b8ae-12d47731b401','White',249090,'bddaddfb-5229-4b03-b022-12d11fb22f64','assets/food_13.jpg'),('d2810200-0bef-42c6-be9a-cd72ad2dad02','Black',79423,'bddaddfb-5229-4b03-b022-12d11fb22f64','assets/food_2.jpg'),('b764f598-03ae-43b9-9a9d-a92032d702ca','Blue',237399,'bddaddfb-5229-4b03-b022-12d11fb22f64','assets/food_7.jpg'),('3cf30a90-0492-46fa-9a2e-11f33a28fb2c','Brown',94281,'bddaddfb-5229-4b03-b022-12d11fb22f64','assets/food_4.jpg'),('203d9d03-95e6-4c94-ad73-2b5410025265','Black',154548,'2ff78336-9f31-4d7b-96f3-7d98b6de34e1','assets/food_5.jpg'),('1854b66f-448a-476b-a77d-acbaa83835a4','Pink',69021,'2ff78336-9f31-4d7b-96f3-7d98b6de34e1','assets/food_2.jpg'),('f1db5499-c9ce-40dc-bd88-994b36763b82','Blue',199003,'2ff78336-9f31-4d7b-96f3-7d98b6de34e1','assets/food_15.jpg'),('50117491-bfd9-45df-a205-3afcfa5e6cf7','Brown',123868,'2ff78336-9f31-4d7b-96f3-7d98b6de34e1','assets/food_13.jpg'),('d126fd22-e9a5-4f03-aa4a-457a13f4d55a','Yellow',170965,'2ff78336-9f31-4d7b-96f3-7d98b6de34e1','assets/food_8.jpg'),('207549e5-cd4c-41d1-aae1-67b43d826015','White',234269,'7014463b-0c9b-44a6-bc32-8acfc6a8344c','assets/food_8.jpg'),('a4a09c44-f5a9-4aab-95a1-b168ea9c39b5','Black',193208,'7014463b-0c9b-44a6-bc32-8acfc6a8344c','assets/food_9.jpg'),('2b7fa7aa-61d1-4a35-ae22-4c5f09624e1f','Yellow',108825,'7014463b-0c9b-44a6-bc32-8acfc6a8344c','assets/food_9.jpg'),('5024d16b-80d9-4742-a0d3-82d07d812c36','White',220065,'b8165d90-73e4-4af5-8d8b-e169c7a7a4f0','assets/food_3.jpg'),('823bfa80-67d3-4cc5-ba6e-ff98c8ae8ae6','Black',231100,'b8165d90-73e4-4af5-8d8b-e169c7a7a4f0','assets/food_11.jpg'),('c0651d93-1d43-452f-95b9-6a4d9970288a','Pink',80002,'b8165d90-73e4-4af5-8d8b-e169c7a7a4f0','assets/food_14.jpg'),('5fa8e0fd-cb4f-427d-8cc4-4ec55b350b3d','Blue',114138,'b8165d90-73e4-4af5-8d8b-e169c7a7a4f0','assets/food_12.jpg'),('bbd3858f-a04b-4853-90cb-ab5e32676d91','Brown',62966,'b8165d90-73e4-4af5-8d8b-e169c7a7a4f0','assets/food_14.jpg'),('e7f8177a-9ba3-48c4-81d1-c3687e40c44c','Yellow',82352,'b8165d90-73e4-4af5-8d8b-e169c7a7a4f0','assets/food_9.jpg'),('0222ff60-53e6-4afd-b1f2-e83d8b4adf9e','White',191562,'5b7bf803-e672-46dd-8e91-bea8179ac999','assets/food_4.jpg'),('bc8cbf55-1f06-4046-82f7-2b776a50a373','Black',82418,'5b7bf803-e672-46dd-8e91-bea8179ac999','assets/food_7.jpg'),('48581690-cbd9-4bda-ac0f-eaaa61e28750','Blue',144211,'5b7bf803-e672-46dd-8e91-bea8179ac999','assets/food_11.jpg'),('a8eb75e5-3d7d-4dd8-bff1-83ad1c3c1f86','Yellow',98535,'5b7bf803-e672-46dd-8e91-bea8179ac999','assets/food_11.jpg'),('7d576d81-ae7d-4971-8c1f-905a8f9fceea','Black',184021,'85068967-31d2-4fbf-964d-43a4762f638a','assets/food_2.jpg'),('2d15d6fe-a6cd-457a-bb29-e94cb3ae2cf2','Pink',88313,'85068967-31d2-4fbf-964d-43a4762f638a','assets/food_2.jpg'),('c769171d-e7e9-49f8-80f0-cba80170661e','Brown',55738,'85068967-31d2-4fbf-964d-43a4762f638a','assets/food_7.jpg'),('40cc8e3f-b6e1-4b69-959d-3d5c0010c5f2','Yellow',129201,'85068967-31d2-4fbf-964d-43a4762f638a','assets/food_11.jpg'),('d76fdf39-518b-462a-af6e-ebda94c053be','White',179736,'09ccdc15-7893-4c90-87a5-cb54ab274ca6','assets/food_10.jpg'),('8b6fec67-63ae-44d9-9a63-1036d7abacf7','Brown',129925,'09ccdc15-7893-4c90-87a5-cb54ab274ca6','assets/food_4.jpg'),('da8ff5a1-13bc-46ea-825b-e6ba99b04b5a','Pink',197405,'06f0c080-9496-422c-84ee-2a5414a585c9','assets/food_4.jpg'),('4b49c6b6-2266-4c77-ae9e-1766f679719d','Blue',186964,'06f0c080-9496-422c-84ee-2a5414a585c9','assets/food_2.jpg'),('35cf3ff2-e5c8-4988-9ffd-9a7155c23adb','White',130151,'4c73ed49-18c8-447e-875d-240087706995','assets/food_8.jpg'),('ffb4bfd0-7840-4b56-88a3-447dc958d544','Brown',161286,'4c73ed49-18c8-447e-875d-240087706995','assets/food_2.jpg'),('e82e7d5e-1c0c-469c-96cf-595ed8250a06','White',119548,'90c7bc00-9ffb-451f-9f5c-0bde0f241269','assets/food_5.jpg'),('fb3b8672-1ba6-4c1e-be89-47d97834b2a3','Black',217663,'90c7bc00-9ffb-451f-9f5c-0bde0f241269','assets/food_11.jpg'),('cf933783-f8d2-478d-b105-6af1387720fa','Pink',64728,'90c7bc00-9ffb-451f-9f5c-0bde0f241269','assets/food_14.jpg'),('d42a55e2-f9c0-4898-8105-d219a565c021','Blue',223265,'90c7bc00-9ffb-451f-9f5c-0bde0f241269','assets/food_2.jpg'),('4ebfd021-c8a1-4b96-96c5-ef7101a5b226','Yellow',222798,'90c7bc00-9ffb-451f-9f5c-0bde0f241269','assets/food_14.jpg'),('f19fd2c2-b6fa-4ea0-af03-d4ae13f41182','Blue',151073,'2801e269-9448-476c-92c4-0e5dc211ab8d','assets/food_13.jpg'),('02615b18-4d09-4b6f-9ad2-96799e4d7384','Brown',220050,'2801e269-9448-476c-92c4-0e5dc211ab8d','assets/food_15.jpg'),('cdcb2a81-db4d-41d4-8758-1f20c40ad41f','Black',247384,'b26ccd40-f291-43d7-bacf-1aedf3923044','assets/food_8.jpg'),('9dd713e2-1dca-4388-addc-8a9ef59e9374','White',68659,'ea313cc4-2f28-49d5-a50b-bfa36573459a','assets/food_15.jpg'),('7d5bf22d-db9f-4728-96b4-c8a033eb9371','Black',185944,'ea313cc4-2f28-49d5-a50b-bfa36573459a','assets/food_13.jpg'),('b36ffde9-fe0b-4b9d-afce-885fafae5a0f','Pink',210179,'ea313cc4-2f28-49d5-a50b-bfa36573459a','assets/food_4.jpg'),('a73f80a8-5167-4d24-b1ca-8f35200a4228','Yellow',59402,'ea313cc4-2f28-49d5-a50b-bfa36573459a','assets/food_6.jpg'),('493811a6-44f9-41a6-860e-50528e69e444','Black',120050,'b2141eb3-891f-448b-b65c-e20fbb9909a4','assets/food_15.jpg'),('e4f203da-db32-44a3-926d-9db8f70dac72','Brown',85672,'b2141eb3-891f-448b-b65c-e20fbb9909a4','assets/food_15.jpg'),('ff725b92-b79c-4c6a-bcb2-5319e2ec2fe0','Pink',69145,'31fdfcab-5ca9-44e3-aa4b-a9685d76aa99','assets/food_5.jpg'),('e721d37e-6a72-4df4-85bb-a5632c9aa09c','Blue',156331,'31fdfcab-5ca9-44e3-aa4b-a9685d76aa99','assets/food_12.jpg'),('61f28c55-49cd-4b5e-b468-97a32a6b16d6','White',64594,'1e149f41-d9b1-44dc-8202-b7da6d8a6733','assets/food_15.jpg'),('49c1faa5-20fe-43e4-abce-6b2c704e7fa4','Black',117873,'1e149f41-d9b1-44dc-8202-b7da6d8a6733','assets/food_3.jpg'),('919a996f-c72e-4be6-9385-3a3a7b1dcb6e','Blue',148100,'1e149f41-d9b1-44dc-8202-b7da6d8a6733','assets/food_3.jpg'),('4b784a1e-ff97-4ec9-84b0-26e5375a678f','Brown',189432,'1e149f41-d9b1-44dc-8202-b7da6d8a6733','assets/food_0.jpg'),('5e2037ca-de79-48b5-8577-bd84b8cba489','Yellow',199872,'1e149f41-d9b1-44dc-8202-b7da6d8a6733','assets/food_5.jpg'),('e36d187f-0ca2-4e32-90fc-9fcc82abb95a','White',163896,'7e6216d3-3aee-44ac-8dbc-08bf15b2dafb','assets/food_0.jpg'),('365107b9-a42f-462f-9888-13ed1ca6e134','Black',134831,'7e6216d3-3aee-44ac-8dbc-08bf15b2dafb','assets/food_12.jpg'),('f1c937a2-39b5-419b-8fc9-7d84d19523b7','Blue',238633,'7e6216d3-3aee-44ac-8dbc-08bf15b2dafb','assets/food_4.jpg'),('f21a1e4c-e7d5-471f-8824-1602f664a10c','Pink',230187,'e3ab5a0b-a2f5-48f6-9869-2dfc94e26753','assets/food_2.jpg'),('76a8d5a2-ac73-47cc-ace7-132a58fb5429','Blue',160086,'e3ab5a0b-a2f5-48f6-9869-2dfc94e26753','assets/food_7.jpg'),('bd945011-4831-4a99-b82b-cd76a81dec00','Yellow',53335,'e3ab5a0b-a2f5-48f6-9869-2dfc94e26753','assets/food_15.jpg'),('004291db-8a0b-4c31-9a55-2c79489f539e','Black',77492,'d26e0ac1-d1dc-4fe5-be90-9b398fe20ce1','assets/food_2.jpg'),('cefa629d-7307-405c-bfbf-de23702aba29','Blue',182641,'d26e0ac1-d1dc-4fe5-be90-9b398fe20ce1','assets/food_14.jpg'),('de15a6d3-eb9f-4321-96da-76c6813f5e5e','White',65673,'15053286-eb25-44e5-b10e-106c4e3e86e8','assets/food_0.jpg'),('e1e18cc7-e954-414a-9e8d-413cb5904326','Black',216971,'15053286-eb25-44e5-b10e-106c4e3e86e8','assets/food_10.jpg'),('698a7148-218b-4a37-b046-42bae6568e0c','Black',75057,'ea3f7fab-0374-4e0e-815b-27255547de91','assets/food_6.jpg'),('0dafb84a-5f79-4de6-8e60-7b5d6d3bb341','Pink',208447,'ea3f7fab-0374-4e0e-815b-27255547de91','assets/food_4.jpg'),('92fd193e-b2de-44c1-bbdf-90c73318b861','Brown',167108,'ea3f7fab-0374-4e0e-815b-27255547de91','assets/food_11.jpg'),('37b428d4-7be6-45cf-9bc3-6d02eb3f3dd6','Yellow',125527,'ea3f7fab-0374-4e0e-815b-27255547de91','assets/food_10.jpg'),('58793492-879f-4fb8-8dd3-3d27fe130b7f','White',222957,'8aff4e77-7439-4bdd-9d88-e1c1a0a61b0a','assets/food_8.jpg'),('1b639685-51b3-4951-92ad-673f006df91a','Black',249674,'8aff4e77-7439-4bdd-9d88-e1c1a0a61b0a','assets/food_4.jpg'),('bc90d6c3-aaa6-44c8-b8c9-5c464e3995a3','Blue',214849,'8aff4e77-7439-4bdd-9d88-e1c1a0a61b0a','assets/food_12.jpg'),('fa0faee7-58e4-4d24-a10d-ef66d0173f7f','Brown',221218,'8aff4e77-7439-4bdd-9d88-e1c1a0a61b0a','assets/food_11.jpg'),('ce182631-8a8e-4f5f-a578-0b7b2a12db29','Yellow',123960,'8aff4e77-7439-4bdd-9d88-e1c1a0a61b0a','assets/food_12.jpg'),('36d36de8-37f4-4939-90ef-dcb425db096b','Pink',188870,'8df10195-e2d9-43b9-aec8-f3a9a36fa68a','assets/food_15.jpg'),('e06e8280-5656-4fc9-b1f3-0a5a8952ca74','Blue',172328,'8df10195-e2d9-43b9-aec8-f3a9a36fa68a','assets/food_13.jpg'),('f3c7baf5-c919-4ef9-ac94-67b6512ff584','Black',142537,'7d36d46b-dc87-4e42-ac59-6061f1eafbae','assets/food_6.jpg'),('5302f187-305b-498a-991c-c79373f1018b','Blue',50590,'7d36d46b-dc87-4e42-ac59-6061f1eafbae','assets/food_15.jpg'),('eefcfef4-3348-4774-9756-be06d8798f40','Yellow',166536,'7d36d46b-dc87-4e42-ac59-6061f1eafbae','assets/food_3.jpg'),('b3ce4902-dd78-4c16-a6ec-701b5f898882','Black',245275,'e7a9b686-97cd-44b3-9efe-a9fdbb942a68','assets/food_5.jpg'),('766ef474-0910-45c3-b6be-a8843a50b49d','Pink',162521,'e7a9b686-97cd-44b3-9efe-a9fdbb942a68','assets/food_7.jpg'),('bd10d45b-0d14-4cf3-9a2c-f8a7525021a3','Blue',130031,'e7a9b686-97cd-44b3-9efe-a9fdbb942a68','assets/food_2.jpg'),('25d76468-2200-47a2-861b-02b5de312966','White',52717,'d1b6ade3-4b7e-403d-a087-2bb717d09212','assets/food_1.jpg'),('253f5a42-7609-409b-ac8d-5f2f60fb6b5b','Black',198854,'d1b6ade3-4b7e-403d-a087-2bb717d09212','assets/food_2.jpg'),('6c5ff21f-942b-4d4f-ac36-336038ab63dc','Blue',120731,'d1b6ade3-4b7e-403d-a087-2bb717d09212','assets/food_9.jpg'),('c11166bd-c217-42b0-8e89-62af929da412','Blue',72179,'4df7a6f6-a260-4c28-a271-b72c25e03e86','assets/food_2.jpg'),('f38e4e1c-0c2c-410c-bf1a-c0f60ead9dd1','Black',157823,'1b6083a0-7ef5-45e6-abdb-fa380ee5c14f','assets/food_11.jpg'),('968524e4-3091-4036-8a16-13390e0965d4','Blue',64564,'1b6083a0-7ef5-45e6-abdb-fa380ee5c14f','assets/food_4.jpg'),('c52846f4-47f3-4d10-9cea-c822844cacaf','Black',77681,'c57654a5-bbae-4b97-9357-b8a3105a90a1','assets/food_8.jpg'),('bdcb4cf5-22cd-435f-bbc4-ccbf031ca80b','Pink',152098,'c57654a5-bbae-4b97-9357-b8a3105a90a1','assets/food_3.jpg'),('e1698ce8-0114-4c71-beeb-08ea25feaaa7','White',128873,'f2b4b290-8675-4a73-b06d-fd7db6e6c739','assets/food_1.jpg'),('3a4eb4e5-68aa-41e8-9b5a-0c166d9e3fd6','White',122700,'f2635b41-dce8-4bd8-b2d2-4d630444e370','assets/food_6.jpg'),('1e848f1f-676b-4979-9e3c-650d319d9e63','Pink',68130,'f2635b41-dce8-4bd8-b2d2-4d630444e370','assets/food_9.jpg'),('62efd172-db12-481e-bbce-32cd96ca339a','Blue',118527,'f2635b41-dce8-4bd8-b2d2-4d630444e370','assets/food_13.jpg'),('4e58a375-8da3-42b2-9ddf-7b824bd73e40','Brown',227036,'f2635b41-dce8-4bd8-b2d2-4d630444e370','assets/food_5.jpg'),('e0466041-c0f9-4402-99f9-1bb84d46166d','Yellow',220752,'f2635b41-dce8-4bd8-b2d2-4d630444e370','assets/food_13.jpg'),('cef286b2-3645-4ed8-89b2-d50c37cf9802','White',177499,'8a38efb2-cb13-470d-8388-6114114e3b44','assets/food_5.jpg'),('4e5c52b5-f43f-4ef0-bdd1-3491b57fb54c','Pink',188363,'8a38efb2-cb13-470d-8388-6114114e3b44','assets/food_4.jpg'),('ffbec04f-f119-42e2-94ae-f063e649b2ec','Blue',136734,'8a38efb2-cb13-470d-8388-6114114e3b44','assets/food_14.jpg'),('5f795a58-d991-4125-ac9c-0218a4de7a01','Brown',85063,'8a38efb2-cb13-470d-8388-6114114e3b44','assets/food_7.jpg'),('9939da9a-9e39-49a4-9106-fce69f8d336a','Yellow',105483,'8a38efb2-cb13-470d-8388-6114114e3b44','assets/food_5.jpg'),('a653b2f0-9927-4b5f-a5e0-66c8348ad566','White',65068,'cb44ed3d-662d-4c66-834a-2cbd224530be','assets/food_2.jpg'),('a2f3e0d5-8f77-4084-9281-38b60709c6b4','Black',91741,'cb44ed3d-662d-4c66-834a-2cbd224530be','assets/food_1.jpg'),('3d701417-f4d4-4fea-9582-b07bdc294f9b','Yellow',241995,'cb44ed3d-662d-4c66-834a-2cbd224530be','assets/food_11.jpg'),('a8d29678-1b31-4eb0-9489-122970736c5a','White',112002,'5026139f-e0ea-4e5f-9906-ffc3e1887627','assets/food_3.jpg'),('4fbd71a3-9e43-442d-9fa7-c8a446ad96ab','Black',149876,'5026139f-e0ea-4e5f-9906-ffc3e1887627','assets/food_12.jpg'),('ad415053-ba6e-4166-b62b-55f5885f964c','Pink',62466,'5026139f-e0ea-4e5f-9906-ffc3e1887627','assets/food_2.jpg'),('a19b4a30-8dc1-465b-9815-b896e99b5668','White',230930,'59da73c1-2d0c-4979-b336-05f5af0ebbaa','assets/food_10.jpg'),('2126d901-f15b-4380-ae97-02338a481031','Pink',72971,'59da73c1-2d0c-4979-b336-05f5af0ebbaa','assets/food_9.jpg'),('fb6595ba-561e-4116-ab64-5d749d5479fc','White',215354,'1d9bc2ac-373a-4660-8eb9-3caadd39b3aa','assets/food_1.jpg'),('7c6f3b7e-df5d-4463-8f0b-9608782d84aa','Black',141828,'1d9bc2ac-373a-4660-8eb9-3caadd39b3aa','assets/food_9.jpg'),('b3c96516-639a-4cdd-bd61-48befd533374','Pink',105806,'1d9bc2ac-373a-4660-8eb9-3caadd39b3aa','assets/food_2.jpg'),('d013ad24-7c59-4c6d-b4c3-6a80f4065b44','Brown',185216,'1d9bc2ac-373a-4660-8eb9-3caadd39b3aa','assets/food_5.jpg'),('b9963aa9-0495-4087-9f5d-18d8597acff6','Yellow',114211,'1d9bc2ac-373a-4660-8eb9-3caadd39b3aa','assets/food_12.jpg'),('52b28e49-d6a4-42c6-b2d2-4245993cb911','White',142002,'b94a63e4-5ac4-4aa8-847f-b251ba67cb3e','assets/food_12.jpg'),('8e5904f4-d995-4f25-a82f-c980ee44cf37','Pink',169305,'b94a63e4-5ac4-4aa8-847f-b251ba67cb3e','assets/food_2.jpg'),('9c6c54d6-7210-45a8-95d9-b9cd3997d04c','Blue',139252,'b94a63e4-5ac4-4aa8-847f-b251ba67cb3e','assets/food_5.jpg'),('6b8eeb56-887b-4065-a835-1d89a86323a9','Brown',78965,'b94a63e4-5ac4-4aa8-847f-b251ba67cb3e','assets/food_7.jpg'),('db2c6587-1bf0-4b4b-b96b-fc98050b70db','Black',144045,'0dc068e8-3a65-42eb-87c3-f15e169c71f5','assets/food_11.jpg'),('df2bf537-436f-48f3-abf9-634d9bc84d69','Blue',115624,'0dc068e8-3a65-42eb-87c3-f15e169c71f5','assets/food_3.jpg'),('c7653e98-3088-434f-a7b5-cedaae4f921f','Yellow',155956,'0dc068e8-3a65-42eb-87c3-f15e169c71f5','assets/food_6.jpg'),('0b726a95-4b2b-4cdb-ac32-e420d81d882e','White',173654,'807fd7c6-503b-4a9c-adb1-376931652872','assets/food_12.jpg'),('0f31b9a8-a642-4f9c-a9c3-2af27fc8ce64','Black',247391,'807fd7c6-503b-4a9c-adb1-376931652872','assets/food_10.jpg'),('1c02e152-f793-4347-88be-9df63497a698','Pink',249568,'807fd7c6-503b-4a9c-adb1-376931652872','assets/food_10.jpg'),('abc12b4b-f471-40b9-9029-5a16e57e23e2','Blue',117714,'807fd7c6-503b-4a9c-adb1-376931652872','assets/food_1.jpg'),('5da488b0-637f-4fcb-ac4f-9d82fef3b86d','Yellow',124969,'807fd7c6-503b-4a9c-adb1-376931652872','assets/food_0.jpg'),('e37e1771-bdb7-4223-91b2-e1ef143c597a','White',233726,'d696ce2e-7692-4053-b29b-9bb4b70b22cf','assets/food_8.jpg'),('49fb987a-2cf6-44bb-a5bb-a08e63d0db34','Pink',192974,'d696ce2e-7692-4053-b29b-9bb4b70b22cf','assets/food_5.jpg'),('09e35cb0-6bd3-47e4-938e-697a73bcc82e','Blue',208382,'d696ce2e-7692-4053-b29b-9bb4b70b22cf','assets/food_5.jpg'),('9491f8d9-5a64-4041-b540-e986b01f8a79','Brown',129087,'d696ce2e-7692-4053-b29b-9bb4b70b22cf','assets/food_8.jpg'),('42437015-d5f9-49ab-8232-278f30b2d82a','Yellow',53476,'d696ce2e-7692-4053-b29b-9bb4b70b22cf','assets/food_13.jpg'),('2476a694-b725-41de-b748-c06ba9c54993','White',128292,'2dc579f0-e5e5-430b-9016-312cc41e7339','assets/food_2.jpg'),('add64ab8-7d1c-473a-9204-5e1fb574c046','Black',55396,'2dc579f0-e5e5-430b-9016-312cc41e7339','assets/food_14.jpg'),('a632dccb-c32a-421d-ab30-b3cf42ce7521','Brown',174294,'2dc579f0-e5e5-430b-9016-312cc41e7339','assets/food_12.jpg'),('ae150b75-6a0a-4da7-a16c-ddbb69321d32','Yellow',56753,'2dc579f0-e5e5-430b-9016-312cc41e7339','assets/food_5.jpg'),('f531f3b4-06ba-4a23-9d71-8537ea603dbc','White',158499,'ce03826f-23ea-4a49-8024-4c5c8bcbc2bd','assets/food_0.jpg'),('86396342-5609-441a-b38c-28027a50b775','Pink',148411,'ce03826f-23ea-4a49-8024-4c5c8bcbc2bd','assets/food_11.jpg'),('a2d350ae-8dea-40e5-93e8-3d42a4fe8a5a','Blue',61146,'ce03826f-23ea-4a49-8024-4c5c8bcbc2bd','assets/food_5.jpg'),('91cd89e6-c8a4-43ae-826a-9e6b03b48380','Yellow',242060,'ce03826f-23ea-4a49-8024-4c5c8bcbc2bd','assets/food_2.jpg'),('330d0328-f661-4d00-a67f-aa4a6712bacd','White',228943,'068916b6-0af6-4488-bb9b-f898b64b3551','assets/food_10.jpg'),('876950fd-1aa8-43ae-b8a5-b59ae14d09d4','Pink',191897,'068916b6-0af6-4488-bb9b-f898b64b3551','assets/food_0.jpg'),('cd55b556-14b4-4552-93f1-13730be9a131','Blue',185029,'068916b6-0af6-4488-bb9b-f898b64b3551','assets/food_1.jpg'),('91deb380-8857-41f9-b4fa-fc53ec9b9eb0','Brown',119754,'068916b6-0af6-4488-bb9b-f898b64b3551','assets/food_11.jpg'),('7498386f-ba8f-4fb1-b336-cf4fe9250bea','Pink',116448,'203a92d1-636d-429d-8a88-0e1662a9bc6c','assets/food_4.jpg'),('ea79b66d-7dac-4747-919b-9d13e536c2ac','Brown',203102,'203a92d1-636d-429d-8a88-0e1662a9bc6c','assets/food_7.jpg'),('5464abe3-e9d5-416e-87aa-083c112a7a9a','Yellow',113048,'203a92d1-636d-429d-8a88-0e1662a9bc6c','assets/food_8.jpg'),('eb59472f-1474-4622-ae39-99c3c8e48b2f','Black',219190,'f3b63d39-f355-45f4-8293-79358f0827b2','assets/food_4.jpg'),('13246559-a073-446e-b0e3-60e6a0b1f014','Blue',148166,'f3b63d39-f355-45f4-8293-79358f0827b2','assets/food_7.jpg'),('34687a51-8eb5-45e1-b959-8a50b5910bff','Brown',77712,'f3b63d39-f355-45f4-8293-79358f0827b2','assets/food_10.jpg'),('a4b14e22-4c2e-41dc-84cb-1fdb442b5b24','Yellow',115813,'f3b63d39-f355-45f4-8293-79358f0827b2','assets/food_5.jpg'),('90727cbc-f621-4e0b-9ca0-80d1185bec9b','Black',183265,'506756ab-2813-4e82-a09c-8242628b58e5','assets/food_11.jpg'),('77c8f176-4bcd-497c-b1f6-82adc5e80301','Pink',81450,'506756ab-2813-4e82-a09c-8242628b58e5','assets/food_14.jpg'),('5003cad0-349d-4da2-8865-7922945a9528','Brown',78718,'506756ab-2813-4e82-a09c-8242628b58e5','assets/food_7.jpg'),('3fb710e7-c650-4978-a734-c8bb0b504fd7','White',59836,'43fda3d2-ab46-4978-84e3-de34a4046827','assets/food_11.jpg'),('c8d077aa-166c-4b86-88c3-663926295a45','Black',140033,'43fda3d2-ab46-4978-84e3-de34a4046827','assets/food_2.jpg'),('3b02f378-aa78-4399-aafa-511dd14598fd','Blue',178770,'43fda3d2-ab46-4978-84e3-de34a4046827','assets/food_2.jpg'),('2cd5b982-57a4-4cd9-919d-e279fc6d86db','Yellow',177990,'43fda3d2-ab46-4978-84e3-de34a4046827','assets/food_3.jpg'),('09e45d26-a153-4127-86d0-20d650f7d750','Black',88660,'8c1b1a99-8276-4be6-98b2-0ae1778d17e1','assets/food_9.jpg'),('e8f3146b-998e-4e33-bb18-790331401081','Blue',166437,'51b975d8-afa5-4211-a8b0-fe6fa9f19601','assets/food_8.jpg'),('7d166fe0-df0d-47de-a6a6-ae39bb095e40','White',131962,'2c6c5cba-249b-4057-b283-3580132912ba','assets/food_15.jpg'),('f2268550-5fbc-4eb1-989a-90da4f358dc0','Pink',54770,'2c6c5cba-249b-4057-b283-3580132912ba','assets/food_0.jpg'),('8b0a4d8b-b52b-4528-a792-670f87c665e8','Brown',64381,'2c6c5cba-249b-4057-b283-3580132912ba','assets/food_8.jpg'),('4ec27141-d614-49c5-995b-8a793f267bc4','White',78604,'704e2af9-70ef-48f4-b16a-1a7591e3a42a','assets/food_15.jpg'),('c6dba042-2f75-4a75-8762-afe04b1cf54e','Brown',122133,'704e2af9-70ef-48f4-b16a-1a7591e3a42a','assets/food_9.jpg'),('41f848ec-302b-4d60-bc5b-42eb197660ee','Yellow',82971,'b1e3237b-783a-44de-9a9f-396280127f95','assets/food_15.jpg'),('f3c9e2a6-a751-4bc7-8850-5ba4a64eed9f','White',157419,'7086848e-df35-41a7-9f43-bffc55d7a113','assets/food_0.jpg'),('c6618640-abff-418d-8fd5-cdf5727f6da0','Pink',154052,'7086848e-df35-41a7-9f43-bffc55d7a113','assets/food_5.jpg'),('80f077e5-091c-4213-9ba7-379740f1a566','Blue',219356,'7086848e-df35-41a7-9f43-bffc55d7a113','assets/food_7.jpg'),('1a7f7394-1115-4e7e-8edd-f86bcd68acb1','Brown',64628,'7086848e-df35-41a7-9f43-bffc55d7a113','assets/food_11.jpg'),('cd7fac2c-ad42-4706-ab01-5511b422a241','Yellow',125558,'7086848e-df35-41a7-9f43-bffc55d7a113','assets/food_11.jpg'),('87daf1fe-1501-49d7-bd82-285996195856','Black',147715,'465c689c-9e54-4fb1-82a2-7b34eedcdde1','assets/food_2.jpg'),('be056d88-8009-4171-b788-70de35da5e65','Brown',181505,'465c689c-9e54-4fb1-82a2-7b34eedcdde1','assets/food_10.jpg'),('33ad7988-bb30-4cb5-9c31-5ac41641681a','White',177494,'e2dca543-ffa0-462b-9788-17fb09cc521d','assets/food_5.jpg'),('b2367d85-6145-4c51-aa47-af2097704a73','Black',243376,'e2dca543-ffa0-462b-9788-17fb09cc521d','assets/food_1.jpg'),('474d8f97-72e0-4c82-ba5d-16b437158b2c','Brown',73652,'e2dca543-ffa0-462b-9788-17fb09cc521d','assets/food_14.jpg'),('da9a04e7-61ad-4ec1-abbe-32e8decb26e0','Yellow',222101,'e2dca543-ffa0-462b-9788-17fb09cc521d','assets/food_8.jpg'),('66f7ddd1-3ea7-4f33-953a-7130ed2fc7a9','White',62161,'d4daa23a-5f11-4b84-988f-d2a98106b6fe','assets/food_2.jpg'),('78108b5e-c219-4e15-85d1-27e25cbaf890','Black',144262,'d4daa23a-5f11-4b84-988f-d2a98106b6fe','assets/food_7.jpg'),('11243053-438d-4b9f-9a6d-288eb7774a3c','Yellow',100738,'d4daa23a-5f11-4b84-988f-d2a98106b6fe','assets/food_1.jpg'),('e950c777-1a2b-43fa-9881-0aea4431e3d0','White',91751,'c9e7c395-16b4-4024-8c10-c4e8a25babe8','assets/food_6.jpg'),('2c2c00b7-48ff-47db-99b7-332b06459c93','Pink',202981,'c9e7c395-16b4-4024-8c10-c4e8a25babe8','assets/food_3.jpg'),('cbe6b387-2eed-4cd6-a9a9-50ad31f17b2c','Brown',70657,'c9e7c395-16b4-4024-8c10-c4e8a25babe8','assets/food_15.jpg'),('5ac8330e-0abe-44be-a4b3-7788c88167a0','Yellow',155395,'c9e7c395-16b4-4024-8c10-c4e8a25babe8','assets/food_10.jpg'),('1bb3c341-4a55-43cc-901e-b048882d5ec9','White',127067,'15388559-49bc-4000-bf37-b216b67c0828','assets/food_0.jpg'),('e9c51640-f24e-4cb5-ae1e-ff0cab0cdf8c','Pink',81079,'15388559-49bc-4000-bf37-b216b67c0828','assets/food_8.jpg'),('79de10c5-230e-4496-917e-fa856157a22d','Blue',157320,'15388559-49bc-4000-bf37-b216b67c0828','assets/food_12.jpg'),('a6fb7fe9-54c1-4de7-a06a-f78025876827','Brown',130889,'15388559-49bc-4000-bf37-b216b67c0828','assets/food_8.jpg'),('0913e416-b681-4afe-89d5-e1c135e10a5f','Black',186305,'26c458b8-8352-4e46-b765-8f0dc5b388c7','assets/food_5.jpg'),('ba553641-1221-4fc6-bddc-b43f15892587','Pink',158796,'26c458b8-8352-4e46-b765-8f0dc5b388c7','assets/food_3.jpg'),('8d10332a-b7b4-41cd-903c-2362fc5f78fb','Brown',218341,'26c458b8-8352-4e46-b765-8f0dc5b388c7','assets/food_11.jpg'),('8ca15661-8ae7-4bfd-8f7f-1794f74501c4','Pink',86869,'a386b8cd-2264-4e5d-8375-afdbea7fe45e','assets/food_2.jpg'),('5c2a0204-1f55-42a0-9184-8cd52752c6a7','Blue',57325,'a386b8cd-2264-4e5d-8375-afdbea7fe45e','assets/food_7.jpg'),('981c6b89-7ea4-414d-b3c0-0f5fdcc36a72','Yellow',112207,'a386b8cd-2264-4e5d-8375-afdbea7fe45e','assets/food_2.jpg'),('1d3ca515-f632-4d83-b0ac-167b9c639cd3','Black',70478,'de12b753-0ef4-4518-9a89-15c7f7ae1be3','assets/food_11.jpg'),('cae85967-84eb-467e-9d63-72b48f56eaf0','Pink',242019,'de12b753-0ef4-4518-9a89-15c7f7ae1be3','assets/food_2.jpg'),('6e575ca5-f9f3-4cc4-964e-a67b2c3bf62f','Blue',137017,'de12b753-0ef4-4518-9a89-15c7f7ae1be3','assets/food_5.jpg'),('dd18c4de-49cf-4451-b381-b368200d01f0','Brown',111883,'de12b753-0ef4-4518-9a89-15c7f7ae1be3','assets/food_10.jpg'),('f9de0451-2b35-4d2b-af2c-5f606709ebee','Yellow',244526,'de12b753-0ef4-4518-9a89-15c7f7ae1be3','assets/food_4.jpg'),('7a928726-69c0-4c1a-81b6-eb31a52d6e89','Black',76632,'c6edd1d8-8043-472d-a385-260e9b1b60fe','assets/food_10.jpg'),('f8fdf194-a524-478e-956f-a1df753ca9a9','Yellow',69093,'c6edd1d8-8043-472d-a385-260e9b1b60fe','assets/food_10.jpg'),('faf50cae-0192-4c20-b63f-2e77e3ca99b6','White',105551,'4862e37c-9732-41ab-b777-575b43493dcc','assets/food_3.jpg'),('bcf4b87f-1bab-4143-a678-b49fc613e765','Black',87013,'4862e37c-9732-41ab-b777-575b43493dcc','assets/food_11.jpg'),('5beaee54-0653-4f2c-8dd9-01d7820b43bf','Black',143828,'53a1a95a-a349-4f22-960c-eaac496aa30b','assets/food_12.jpg'),('0685f9ea-ab49-4f48-b732-54645fb0db35','Blue',78166,'53a1a95a-a349-4f22-960c-eaac496aa30b','assets/food_11.jpg'),('aa51e798-d2e2-4a0c-9cc0-d27d8617126f','Brown',184306,'53a1a95a-a349-4f22-960c-eaac496aa30b','assets/food_7.jpg'),('f4b29da5-3ff0-4b13-87ee-c2b2c10dc568','White',215207,'4c222e5f-edd7-4fe2-a95b-7b3675f51876','assets/food_8.jpg'),('2243601d-eb76-4710-ae18-74885545678e','Black',160814,'4c222e5f-edd7-4fe2-a95b-7b3675f51876','assets/food_3.jpg'),('3acc2dde-8a31-4e6a-9cfa-5374eaae7997','Blue',79451,'4c222e5f-edd7-4fe2-a95b-7b3675f51876','assets/food_5.jpg'),('9ca7e5d5-9190-49bf-b130-03558dfd6d0f','Blue',223095,'5f08d9f1-0c02-42ca-ad9e-40d87f647316','assets/food_9.jpg'),('ea494b26-97b4-4aed-b067-9b6e0a8a4cf1','Black',99097,'9be4b17d-28f3-49ff-a08a-2dc92ca56a25','assets/food_4.jpg'),('980eb632-3285-49b7-98ae-635e94ecab17','Pink',64932,'9be4b17d-28f3-49ff-a08a-2dc92ca56a25','assets/food_1.jpg'),('54d3920f-5bf3-4082-8443-e8312ea5e48a','Blue',165587,'9be4b17d-28f3-49ff-a08a-2dc92ca56a25','assets/food_13.jpg'),('9d36ccc9-6497-40ac-88cd-a357cf7f8e55','Brown',246951,'9be4b17d-28f3-49ff-a08a-2dc92ca56a25','assets/food_15.jpg'),('5d729656-ffdc-4fa4-b677-7fd5782bd5e8','Yellow',100370,'9be4b17d-28f3-49ff-a08a-2dc92ca56a25','assets/food_13.jpg'),('c7b25fcd-cdae-4c69-bd83-de3f87f5bd42','Black',176647,'95e7a9bc-60e6-49cf-9aeb-f622aa34e287','assets/food_1.jpg'),('27d58ae8-06f5-4ba6-b0ad-59ef22737c64','White',175313,'8f43ba09-d028-4612-b027-d99d2fa201a2','assets/food_7.jpg'),('b6687b82-2d68-427a-8f30-a4cbe7fb565e','Pink',85497,'8f43ba09-d028-4612-b027-d99d2fa201a2','assets/food_15.jpg'),('cbe900dd-341d-49e9-92e2-ed61c6160970','Blue',54592,'8f43ba09-d028-4612-b027-d99d2fa201a2','assets/food_6.jpg'),('6631b6e4-011c-41b9-94e6-a1cf515608f9','White',126259,'ca3d9195-09b5-4e8f-9cbe-856479800416','assets/food_2.jpg'),('de7421fe-0b17-43d8-b956-bd5699b8dcba','Black',68122,'ca3d9195-09b5-4e8f-9cbe-856479800416','assets/food_10.jpg'),('73397acc-0179-4b60-bc8a-1f983f0691c5','Pink',107929,'ca3d9195-09b5-4e8f-9cbe-856479800416','assets/food_13.jpg'),('928e1b81-511d-45d5-aa39-3ff01fc556f1','Black',50628,'bc00089c-ef7c-4bac-afd9-9fa6c9e78467','assets/food_0.jpg'),('0691f743-aacc-404c-a5d3-48932c5dc15d','Brown',97915,'bc00089c-ef7c-4bac-afd9-9fa6c9e78467','assets/food_0.jpg'),('551f20d4-3b76-4bd4-87fe-d08d699c5db2','Black',138454,'b133bbe6-a6fe-4ac0-86ce-98cbfa315e56','assets/food_5.jpg'),('13eba9ea-fa32-4aea-9d4a-7ce6c749c3db','Pink',101858,'b133bbe6-a6fe-4ac0-86ce-98cbfa315e56','assets/food_7.jpg'),('05ded469-307b-406b-ba69-140fa20b8814','Brown',105644,'b133bbe6-a6fe-4ac0-86ce-98cbfa315e56','assets/food_2.jpg'),('db6f95de-0531-4efd-a4cc-2e1772104f8c','Yellow',163168,'b133bbe6-a6fe-4ac0-86ce-98cbfa315e56','assets/food_6.jpg'),('72e5aab3-bec7-464c-b541-c60a75da8f7d','White',50820,'decf7112-280b-472d-88a3-1b11efc58161','assets/food_1.jpg'),('a950e597-bf03-4754-bdb1-09fedfdfd8c1','Black',202038,'decf7112-280b-472d-88a3-1b11efc58161','assets/food_8.jpg'),('71f53c98-a965-4c48-aff1-b9d3f97553a7','Blue',192436,'decf7112-280b-472d-88a3-1b11efc58161','assets/food_11.jpg'),('0021c275-a19f-4c54-b689-8a1a14542354','Brown',124188,'decf7112-280b-472d-88a3-1b11efc58161','assets/food_11.jpg'),('71c0c8eb-3f4f-4ae2-8e36-9fb3c2e71be3','Yellow',134476,'decf7112-280b-472d-88a3-1b11efc58161','assets/food_9.jpg'),('8c536936-2eda-477f-b41b-402223102760','Black',92870,'44a4e1c9-d911-4d07-82b2-6d0fec479434','assets/food_7.jpg'),('10837920-7fe4-46a4-ac0f-4c71fc9117b4','Pink',167310,'44a4e1c9-d911-4d07-82b2-6d0fec479434','assets/food_9.jpg'),('1453b008-429c-43ea-8ba8-d6847ec788be','Blue',170661,'44a4e1c9-d911-4d07-82b2-6d0fec479434','assets/food_14.jpg'),('9e1efed5-1c1d-4846-ae53-7612f250e71b','Yellow',246483,'44a4e1c9-d911-4d07-82b2-6d0fec479434','assets/food_2.jpg'),('0029d7d6-ee0b-4a2f-9735-31dfcb809ea6','White',132386,'871113a2-f845-49e9-a79f-496c622070d2','assets/food_14.jpg'),('d92b7828-169c-4460-8a36-4df26e1498d5','Black',51743,'871113a2-f845-49e9-a79f-496c622070d2','assets/food_2.jpg'),('2cc5b2ab-18ec-47cd-99b1-105a3190b8d7','Pink',157300,'871113a2-f845-49e9-a79f-496c622070d2','assets/food_2.jpg'),('a946c1af-9036-410e-bb9c-7e0f7661c5e0','Blue',86953,'871113a2-f845-49e9-a79f-496c622070d2','assets/food_12.jpg'),('3841bddb-c683-4e9d-bfda-7a6503a737e2','Brown',123704,'871113a2-f845-49e9-a79f-496c622070d2','assets/food_0.jpg'),('0c1142ca-50cd-4ef3-8252-9cf69e93e4db','Yellow',231675,'871113a2-f845-49e9-a79f-496c622070d2','assets/food_6.jpg'),('4b06cd99-02b5-40c9-998d-1f0be7942b5c','White',161442,'0f89d152-ba44-4d71-ac33-3bf217a433ad','assets/food_8.jpg'),('88248212-06c8-4aa5-9c29-e73a6d6e380a','Black',206766,'0f89d152-ba44-4d71-ac33-3bf217a433ad','assets/food_1.jpg'),('e5c6cb5c-5533-4b76-91d9-1317c3a9d041','Pink',126734,'0f89d152-ba44-4d71-ac33-3bf217a433ad','assets/food_14.jpg'),('8eec8083-3c3b-4fbc-80bb-55c215f8734a','Blue',82406,'0f89d152-ba44-4d71-ac33-3bf217a433ad','assets/food_0.jpg'),('ffdbc9b2-3536-4db1-a3b1-a13913fbbb8c','Brown',240973,'0f89d152-ba44-4d71-ac33-3bf217a433ad','assets/food_7.jpg'),('7c5815a1-15f0-42db-99c5-4b4f39881cdd','White',218789,'1e426bbb-6c55-4487-b8d4-63a7591fcc07','assets/food_3.jpg'),('ad7bfd29-f89e-4df7-b0a1-a6d480510abe','Black',128564,'1e426bbb-6c55-4487-b8d4-63a7591fcc07','assets/food_10.jpg'),('f02c0579-8e60-4e69-a637-3ee421a1f097','Blue',115311,'1e426bbb-6c55-4487-b8d4-63a7591fcc07','assets/food_1.jpg'),('f3494670-4dd4-4528-8474-f49dc12ebc0b','Brown',182385,'1e426bbb-6c55-4487-b8d4-63a7591fcc07','assets/food_4.jpg'),('0b013bb3-3fc2-4761-8473-bca7c245aabc','Yellow',191477,'1e426bbb-6c55-4487-b8d4-63a7591fcc07','assets/food_14.jpg'),('39934e8d-074e-4414-900a-4b38f904d225','White',60364,'695d722e-4210-4cae-a840-670cc9d4db38','assets/food_0.jpg'),('f0f10ab8-3b45-4226-a08f-4fad6335ab18','Blue',79833,'695d722e-4210-4cae-a840-670cc9d4db38','assets/food_4.jpg'),('ebfa9833-1fc6-4422-b0c4-be9b83ab17f4','Yellow',219134,'695d722e-4210-4cae-a840-670cc9d4db38','assets/food_3.jpg'),('64f721e0-f5c8-46ae-a092-29fa5dc45b44','White',147722,'fd337d83-c84e-4895-ad3e-11f81253d7e2','assets/food_2.jpg'),('2987fb36-9503-4844-98c1-2acbc43549a1','Brown',142536,'fd337d83-c84e-4895-ad3e-11f81253d7e2','assets/food_7.jpg'),('c71fc934-a2dd-4d2b-85e7-5f605bc6e8c9','Yellow',101000,'fd337d83-c84e-4895-ad3e-11f81253d7e2','assets/food_11.jpg'),('8550daf5-8aee-42a6-bc5b-eb31992731c1','Yellow',69042,'f7978254-9a1d-4cd0-869a-b3bc41078637','assets/food_13.jpg'),('8d0b5366-30e1-4dce-bde8-6d1c1252b888','White',184447,'2511a553-d1df-417f-bb05-1801c09e1f92','assets/food_8.jpg'),('96abece2-c2e2-4cff-aaab-9b06fc01b968','Black',108016,'2511a553-d1df-417f-bb05-1801c09e1f92','assets/food_6.jpg'),('1754354e-56f3-454a-8f0c-c26174c91fcb','Blue',243679,'2511a553-d1df-417f-bb05-1801c09e1f92','assets/food_0.jpg'),('a138c1ae-43a7-4902-bc4e-10a5f46df7eb','Yellow',73432,'2511a553-d1df-417f-bb05-1801c09e1f92','assets/food_13.jpg'),('9ea1aba6-8b8c-42d6-8783-073410be33fd','Pink',224165,'e92ea038-4937-4fe3-bbb7-0fe1ff719006','assets/food_12.jpg'),('16194c7f-f9ae-44f7-bbc1-54eeac44a40f','Blue',199013,'e92ea038-4937-4fe3-bbb7-0fe1ff719006','assets/food_15.jpg'),('f85280a1-c593-41d4-8cc4-ae2b02945d64','Yellow',122429,'e92ea038-4937-4fe3-bbb7-0fe1ff719006','assets/food_7.jpg'),('330a2e38-85ef-4852-a1c3-2804d45109c6','White',123393,'4e3d4fda-24f2-4a9c-8c8f-bc1ae31a93cd','assets/food_9.jpg'),('1f2853d0-9597-4bd3-9e35-dfe94901c687','Pink',116672,'4e3d4fda-24f2-4a9c-8c8f-bc1ae31a93cd','assets/food_0.jpg'),('35d06fab-9cb3-4e6b-a894-f1c7664befd9','Blue',75526,'4e3d4fda-24f2-4a9c-8c8f-bc1ae31a93cd','assets/food_9.jpg'),('01d39d67-aa14-42d2-8bad-2ce973cea219','Brown',116580,'4e3d4fda-24f2-4a9c-8c8f-bc1ae31a93cd','assets/food_2.jpg'),('6f975c58-28d5-4a4f-862b-53301167bd5d','White',175583,'06772a68-f632-4d4a-b307-5656cd6d51b3','assets/food_11.jpg'),('2d797988-f435-4364-a433-2ad48ab06f19','Black',143555,'06772a68-f632-4d4a-b307-5656cd6d51b3','assets/food_10.jpg'),('4949aad7-f1e4-4755-8e72-fd0cd4b89c18','Blue',62470,'06772a68-f632-4d4a-b307-5656cd6d51b3','assets/food_11.jpg'),('8718b0c2-4c78-44f8-8cd5-80ea0a3c83a7','White',98481,'367e4cab-ab77-47e3-8b14-ff3254fbe1fc','assets/food_5.jpg'),('9fac58e3-2808-4422-97b4-b6aa3305b62d','Black',226226,'367e4cab-ab77-47e3-8b14-ff3254fbe1fc','assets/food_8.jpg'),('89d61703-b846-48cc-a8b1-1a0f7a28207e','Blue',243132,'367e4cab-ab77-47e3-8b14-ff3254fbe1fc','assets/food_0.jpg'),('d56ac164-5bee-4cd6-a33a-482d73475105','Black',193981,'184d6c5a-86b2-4e0c-bf2b-83d48776bf78','assets/food_6.jpg'),('6f66a80b-ef03-435b-a2bc-614daf54ec62','Pink',130897,'184d6c5a-86b2-4e0c-bf2b-83d48776bf78','assets/food_6.jpg'),('9ffaaff8-30d0-4f20-b311-f9573e2652d2','White',159325,'485631c3-0458-40c3-a271-5ff2e2ea5c63','assets/food_3.jpg'),('a4455a61-7822-4053-bdc9-aba18ebe4527','Black',192417,'485631c3-0458-40c3-a271-5ff2e2ea5c63','assets/food_8.jpg'),('7a77f0ee-f4ad-417d-a6ae-5b9f5d892f37','Pink',224919,'485631c3-0458-40c3-a271-5ff2e2ea5c63','assets/food_0.jpg'),('92616ae3-ad97-4e74-8f70-512af380d0f0','Blue',159214,'485631c3-0458-40c3-a271-5ff2e2ea5c63','assets/food_3.jpg'),('9cf013ee-984d-41ce-88ad-f1f7b8e98486','Black',68823,'66cb8b2e-a34b-4130-98e9-260bddd8b665','assets/food_8.jpg'),('ba81658d-bc34-4942-9bd1-332683e782ab','Blue',183069,'66cb8b2e-a34b-4130-98e9-260bddd8b665','assets/food_3.jpg'),('21d12d63-eda7-437f-8f76-38011c076d37','Brown',191284,'66cb8b2e-a34b-4130-98e9-260bddd8b665','assets/food_6.jpg'),('bc366424-dce2-464b-b469-b6e596fb2de6','Yellow',179964,'66cb8b2e-a34b-4130-98e9-260bddd8b665','assets/food_13.jpg'),('40bc33ce-8185-44eb-bc6f-975dc49a7796','Pink',210764,'829a0eec-8c5d-4f0b-a05b-f7a14bac96a1','assets/food_4.jpg'),('fd36760d-f7aa-4ead-b878-908c15c7beec','Blue',199955,'829a0eec-8c5d-4f0b-a05b-f7a14bac96a1','assets/food_8.jpg'),('ab30c934-0bb2-4310-a99b-0f1ff92170c4','Blue',132589,'9f3d1d7c-32b4-4df0-be51-b7e19829afd6','assets/food_3.jpg'),('634c0b97-0ffd-422f-9710-02f3d85ce772','Yellow',59189,'9f3d1d7c-32b4-4df0-be51-b7e19829afd6','assets/food_1.jpg'),('a7a7b0d7-a6a5-4ef5-9cb1-51f22f21affd','White',222803,'cb5f0e0c-7193-4fe6-aba9-1a77c70565bb','assets/food_2.jpg'),('53061070-e9e6-4899-aba4-7cce22203205','Yellow',207212,'cb5f0e0c-7193-4fe6-aba9-1a77c70565bb','assets/food_12.jpg'),('68f32796-6858-431e-9ac2-c50aec42d25d','White',83124,'51aca983-2bad-4466-ab59-c2673fcd2997','assets/food_7.jpg'),('01ea39d0-9dd0-471c-b992-c25d849de429','Black',117516,'51aca983-2bad-4466-ab59-c2673fcd2997','assets/food_3.jpg'),('10dd5446-3cd6-4205-a436-aea903e76b62','White',193000,'18612e9e-5b73-4b41-90a1-a7f97e0b1a7b','assets/food_9.jpg'),('5a04d097-ef45-4993-897e-1bc3f32dd3d1','Pink',229280,'18612e9e-5b73-4b41-90a1-a7f97e0b1a7b','assets/food_11.jpg'),('c454ab7f-fc5c-4096-842a-4105b3645189','Blue',208096,'18612e9e-5b73-4b41-90a1-a7f97e0b1a7b','assets/food_0.jpg'),('639286d9-5cf9-4c73-8600-e328b7c399c7','Brown',112595,'18612e9e-5b73-4b41-90a1-a7f97e0b1a7b','assets/food_5.jpg'),('95171ea6-b90b-43b5-8183-ab4c73f5e7fb','Yellow',141736,'18612e9e-5b73-4b41-90a1-a7f97e0b1a7b','assets/food_5.jpg'),('08b80e3c-c7b7-45ce-97f2-ed5ee045c0c2','Pink',146127,'cf165ced-716c-4924-8f36-d1460d4ac14d','assets/food_10.jpg'),('96389485-300f-4cc0-a581-c81567bf505b','Blue',211238,'cf165ced-716c-4924-8f36-d1460d4ac14d','assets/food_11.jpg'),('073a5f5f-3f5f-4d1e-8e2a-e31eed9990fa','Yellow',183424,'cf165ced-716c-4924-8f36-d1460d4ac14d','assets/food_9.jpg'),('ac67ce2e-8183-47f6-82cd-d90b467a9b92','White',216713,'c0a93606-5f64-467d-8a83-3dbf53ae4f04','assets/food_13.jpg'),('42535daa-cdac-44b0-b893-814e86fc21cb','Black',217289,'5e1254a1-8f7a-4efa-bd50-a44ef00ebcfb','assets/food_15.jpg'),('2712b831-b74a-4cdd-952b-44969a01fa9a','Pink',210330,'5e1254a1-8f7a-4efa-bd50-a44ef00ebcfb','assets/food_7.jpg'),('42bce4eb-d4f3-4c32-9ff8-c9e8b89a458b','Blue',174305,'5e1254a1-8f7a-4efa-bd50-a44ef00ebcfb','assets/food_15.jpg'),('6d7da14d-8091-4444-856f-880f2db0a0a4','Brown',190645,'5e1254a1-8f7a-4efa-bd50-a44ef00ebcfb','assets/food_1.jpg'),('5cc14b0a-453d-48c6-978e-a224c6d4f4cd','Yellow',132451,'5e1254a1-8f7a-4efa-bd50-a44ef00ebcfb','assets/food_8.jpg'),('21d3d265-a7ec-49d7-912b-69846fc91f1e','Brown',96199,'d2139b12-9534-4abc-8a7f-01f45f0b0f05','assets/food_6.jpg'),('5e9f4e97-ce04-4858-b638-f147a3ad2f83','White',211636,'fec9d356-fe08-420d-a14b-2183b1f35402','assets/food_11.jpg'),('b34c0f3d-c4f1-435f-8318-9b05fd51cfd6','Black',247356,'fec9d356-fe08-420d-a14b-2183b1f35402','assets/food_11.jpg'),('72cb7d02-a3b3-4dfb-9d24-4105debd2a98','Blue',87651,'fec9d356-fe08-420d-a14b-2183b1f35402','assets/food_14.jpg'),('7619b812-f188-46ff-b6e7-027c2f8e8ea3','Brown',77245,'fec9d356-fe08-420d-a14b-2183b1f35402','assets/food_7.jpg'),('71c95283-51ae-48a8-9640-4e843eb08199','Yellow',161896,'fec9d356-fe08-420d-a14b-2183b1f35402','assets/food_13.jpg'),('e26ce377-6a3e-41c8-b113-f5e44a656ef6','White',71360,'c7a355c0-9e55-4c7f-b840-8495bf507ed2','assets/food_0.jpg'),('e85fef82-baa4-4a89-bb55-a8bd51fc0ec8','Blue',194092,'c7a355c0-9e55-4c7f-b840-8495bf507ed2','assets/food_6.jpg'),('dc90b045-026c-4ac6-a579-e69887cdedd2','White',172788,'c2d8eeb9-342d-4897-8059-9d76c28b46fd','assets/food_7.jpg'),('ffe946dc-114b-4e5e-bfe6-40d9b8d007e9','Black',241928,'c2d8eeb9-342d-4897-8059-9d76c28b46fd','assets/food_0.jpg'),('870af9ca-45a1-4f43-aab2-5985e1b453d8','Pink',91662,'c2d8eeb9-342d-4897-8059-9d76c28b46fd','assets/food_2.jpg'),('74e7192b-c4cb-4ca9-8e7f-6cd00940c828','Brown',125040,'c2d8eeb9-342d-4897-8059-9d76c28b46fd','assets/food_2.jpg'),('ba343cf5-ee5c-4934-8ea5-513f28f340d8','Black',171754,'52932fec-5920-4ae0-bf02-a4d6a685819e','assets/food_1.jpg'),('945cf6e5-0b1e-446a-82f2-2d2bc9857535','Pink',120421,'52932fec-5920-4ae0-bf02-a4d6a685819e','assets/food_8.jpg'),('f3770411-2299-4106-b743-e8c0ce4c8035','Blue',55434,'52932fec-5920-4ae0-bf02-a4d6a685819e','assets/food_11.jpg'),('4749958e-1be5-46d3-b20f-8104cd7dc2aa','White',79441,'1539cd69-eb4f-4e34-abd3-82284f7df4fd','assets/food_12.jpg'),('d97f32a0-2743-48e4-9d90-04eeae110b2b','Black',82386,'1539cd69-eb4f-4e34-abd3-82284f7df4fd','assets/food_0.jpg'),('29ebf252-4aca-4032-883d-00b14dac7ef2','Blue',118320,'1539cd69-eb4f-4e34-abd3-82284f7df4fd','assets/food_11.jpg'),('a819365d-1f76-4d37-96a6-54aaf34eef87','Brown',56110,'1539cd69-eb4f-4e34-abd3-82284f7df4fd','assets/food_1.jpg'),('326cf2f7-3f7a-4f4c-b3ae-1385ec144228','Black',238444,'2d812b19-24cf-4df0-9c3f-75b08391643a','assets/food_10.jpg'),('48b0e646-9d69-4038-bfb3-1dffcb806bcd','Yellow',75718,'2d812b19-24cf-4df0-9c3f-75b08391643a','assets/food_1.jpg'),('2975804d-f56a-4274-ab03-dd2ada278a3c','White',249642,'a50c8aa0-be67-4bd7-ae1f-f651b22c022d','assets/food_6.jpg'),('449f9f02-4553-4aa6-a076-7e1c31262791','Pink',85866,'a50c8aa0-be67-4bd7-ae1f-f651b22c022d','assets/food_6.jpg'),('6faee053-844a-4a52-9dc5-c95a38293461','Blue',104262,'a50c8aa0-be67-4bd7-ae1f-f651b22c022d','assets/food_4.jpg'),('8f73dba4-9031-496b-9777-9832b1eca970','Brown',54935,'a50c8aa0-be67-4bd7-ae1f-f651b22c022d','assets/food_15.jpg'),('b90c45dd-970c-4897-af61-871f9272dfbe','Yellow',193409,'a50c8aa0-be67-4bd7-ae1f-f651b22c022d','assets/food_0.jpg'),('c699e4f1-bad3-4a2f-8607-0f2a04660110','Pink',197506,'b0e8cf54-5b43-4d53-bec0-3ea53c430e22','assets/food_1.jpg'),('d7a2a312-5ceb-4088-9530-b4ae0cb2429e','Blue',122101,'b0e8cf54-5b43-4d53-bec0-3ea53c430e22','assets/food_15.jpg'),('519df967-b525-40db-bfb6-0a768dac4e37','Black',234430,'c14078be-ee11-4dce-87b6-2ea0efcb0298','assets/food_9.jpg'),('b623ccc8-c394-4574-bdbd-815c852e3a98','Pink',154654,'c14078be-ee11-4dce-87b6-2ea0efcb0298','assets/food_0.jpg'),('e5012ee9-0384-4206-8542-86926e522119','Yellow',186092,'c14078be-ee11-4dce-87b6-2ea0efcb0298','assets/food_3.jpg'),('5721d8ca-a8a5-49f8-a995-4f04d0a35ffa','Brown',96848,'138c1d8c-0ba3-416d-98df-10b7a396e7b0','assets/food_13.jpg'),('6183e2d9-bed3-4a39-86f6-6f3a21701290','Black',88985,'28c13c5e-7251-4415-bf59-c2c3a66417d2','assets/food_13.jpg'),('e5fab624-3743-47b2-a07a-7f04e42087f3','Pink',167031,'28c13c5e-7251-4415-bf59-c2c3a66417d2','assets/food_3.jpg'),('c8af83c5-b435-4a8a-8e40-6cd009501276','Blue',146774,'28c13c5e-7251-4415-bf59-c2c3a66417d2','assets/food_2.jpg'),('08c44d17-daca-4a1a-8a26-8bb10a5be3af','Yellow',71301,'28c13c5e-7251-4415-bf59-c2c3a66417d2','assets/food_3.jpg'),('33bdabcd-24f7-4e03-b5ff-9991f0acc88c','Yellow',236370,'f75d0813-da3b-4ca3-bf7d-afc0a4ef0a38','assets/food_8.jpg'),('2f953f46-1ddf-402e-b7c4-13b236ca992e','White',100110,'360d858b-1787-45dc-beab-c13f1bc0d968','assets/food_6.jpg'),('7fb8bf50-4577-4117-b137-73d4c34095da','Black',136707,'360d858b-1787-45dc-beab-c13f1bc0d968','assets/food_8.jpg'),('fce7fa7f-863c-4f1f-b652-ba319d8b2b9b','Pink',201058,'360d858b-1787-45dc-beab-c13f1bc0d968','assets/food_10.jpg'),('c140d66c-6c88-4a78-8015-0302267471e5','Brown',130841,'360d858b-1787-45dc-beab-c13f1bc0d968','assets/food_12.jpg'),('9db45d7c-3fac-4cc3-a0b4-88f623113b9e','Yellow',160191,'360d858b-1787-45dc-beab-c13f1bc0d968','assets/food_3.jpg'),('ef4d50c0-fe74-44e8-a385-167365afe989','Black',96519,'49c4ff73-4aa0-454c-8ab3-fa2671930c3b','assets/food_4.jpg'),('a76a1d0d-748e-4609-8763-c564b78d1f58','Blue',53739,'49c4ff73-4aa0-454c-8ab3-fa2671930c3b','assets/food_1.jpg'),('75d5240b-6c32-421f-a41d-9f5a78ebcecc','Yellow',214513,'49c4ff73-4aa0-454c-8ab3-fa2671930c3b','assets/food_5.jpg'),('6e7a8ca9-d6ad-4c51-85bc-7b607182ed0d','White',206761,'69261eb1-7a9a-47db-b558-49877d474b9b','assets/food_10.jpg'),('7911f3db-f82f-44f5-b167-e4dc05af9a84','Pink',168420,'69261eb1-7a9a-47db-b558-49877d474b9b','assets/food_14.jpg'),('d162b820-730a-441e-92f7-1b0ee9347e68','Brown',230348,'69261eb1-7a9a-47db-b558-49877d474b9b','assets/food_9.jpg'),('9338b6ab-13e0-4757-9e5f-085a54f0a637','Black',169510,'a58adaef-fecc-4985-9533-1a958cf33c9f','assets/food_3.jpg'),('6d40f355-aaa7-4da9-b716-7b4e7d8b83df','Pink',178075,'a58adaef-fecc-4985-9533-1a958cf33c9f','assets/food_4.jpg'),('21ac39da-8f8c-433c-8598-c0c067cfaece','Blue',189020,'a58adaef-fecc-4985-9533-1a958cf33c9f','assets/food_6.jpg'),('822fc04c-cbf7-40be-ad02-ae86cb76fda8','Brown',156342,'a58adaef-fecc-4985-9533-1a958cf33c9f','assets/food_6.jpg'),('d6105b5d-dbe8-4b17-b6c2-0a7a4d854ae3','Yellow',120835,'a58adaef-fecc-4985-9533-1a958cf33c9f','assets/food_1.jpg'),('a69a018e-c145-4ee8-96d8-ad58209273a7','White',64161,'cde56d3f-2fb0-4067-abce-279211357e0b','assets/food_7.jpg'),('6c17c4ca-a7d3-4224-951f-e2a3d2dac621','Blue',228218,'cde56d3f-2fb0-4067-abce-279211357e0b','assets/food_2.jpg'),('9a1b4f80-0926-4086-8431-7b77fa690ce3','Blue',93871,'46988ecc-e0d5-429f-9cfb-290a15d9529b','assets/food_3.jpg'),('9a44b5ef-b118-4ba4-b29f-c7c72ef3a1ec','Brown',197501,'46988ecc-e0d5-429f-9cfb-290a15d9529b','assets/food_7.jpg'),('be83a1b5-6c6e-4542-b3d4-d9fe32b3e102','Yellow',66813,'46988ecc-e0d5-429f-9cfb-290a15d9529b','assets/food_13.jpg'),('ca0eef44-ee2a-47eb-abe5-085e1cc1d06b','Black',197398,'9092f1d5-84e3-48b8-bcc3-dc54f2067494','assets/food_15.jpg'),('3fc28080-e375-40ff-99cf-ee49b5bdb338','Brown',121572,'9092f1d5-84e3-48b8-bcc3-dc54f2067494','assets/food_4.jpg'),('c73df944-ad91-46ea-813f-89216a646177','White',143630,'3b525c25-e9af-4331-b9e9-b2b3dd770184','assets/food_7.jpg'),('9c78bd5c-7f70-4b7c-9cfc-64fb4ef044c5','Brown',184039,'3b525c25-e9af-4331-b9e9-b2b3dd770184','assets/food_1.jpg'),('ce52778d-f494-42dd-bcb8-dc30cc0c9069','Yellow',204830,'3b525c25-e9af-4331-b9e9-b2b3dd770184','assets/food_4.jpg'),('516fca19-dfe8-4bce-87f3-c3bde6e42f7f','White',225671,'bfebd08f-c379-4944-b3e1-6341bbf78cef','assets/food_6.jpg'),('cdef0da5-6e5f-4605-835f-2e3a1d9abf10','Black',60183,'bfebd08f-c379-4944-b3e1-6341bbf78cef','assets/food_4.jpg'),('90c249f3-1c2d-4562-a2d4-29df1772d6ed','Yellow',114257,'bfebd08f-c379-4944-b3e1-6341bbf78cef','assets/food_8.jpg'),('d120825f-809f-4f5c-ad4e-29f442d4609b','Black',137360,'c6717ec9-8949-4ea9-aaa7-bfa68199bb58','assets/food_15.jpg'),('e5cd4546-dbba-4f13-b8fc-a722bea3e1b4','Brown',131107,'9bb2e51d-7a06-47a1-902e-8702d5a1247c','assets/food_0.jpg'),('99df5650-c1f6-4111-bcfe-9ad43e2d652f','Black',149369,'2f40c138-08a5-4702-9234-ba2350b2c4e5','assets/food_9.jpg'),('d12e73ff-b866-464c-9e85-e6e93312c4d5','Pink',69195,'2f40c138-08a5-4702-9234-ba2350b2c4e5','assets/food_10.jpg'),('c3f31d74-84c5-4667-a384-b0980c7a0c32','Brown',82013,'2f40c138-08a5-4702-9234-ba2350b2c4e5','assets/food_8.jpg'),('c6f4bcff-dcc8-418e-b0e5-f3906c4d0fb6','White',211248,'d3c63ec7-393a-4103-a8a8-15ecfd40eda6','assets/food_9.jpg'),('97fa97d3-7b84-4b4c-a354-852abc03d938','Black',141048,'d3c63ec7-393a-4103-a8a8-15ecfd40eda6','assets/food_10.jpg'),('f9c0037d-3557-437c-a333-61e2bd5d5a69','Yellow',99390,'d3c63ec7-393a-4103-a8a8-15ecfd40eda6','assets/food_6.jpg'),('1d800fd5-27e9-4613-9897-bbcc1053e01e','Blue',96977,'4592eae7-9a06-47a3-ac75-646fb428a948','assets/food_5.jpg'),('19256b70-934a-4da3-8d2b-ce9b371a2804','Yellow',175351,'4592eae7-9a06-47a3-ac75-646fb428a948','assets/food_1.jpg'),('8a8cf7c2-ba47-447b-a992-8d14c2c5e624','Pink',203837,'326a2fcc-3e9b-456f-b23d-6609b32b6780','assets/food_12.jpg'),('21720b03-d340-4679-a6bf-0c90032934ab','Blue',229050,'326a2fcc-3e9b-456f-b23d-6609b32b6780','assets/food_4.jpg'),('bc46c1af-2343-471f-a478-eb1d6981fa47','Brown',194959,'326a2fcc-3e9b-456f-b23d-6609b32b6780','assets/food_1.jpg'),('862e7fd9-6350-4ce5-9029-0b56ee1c9fea','Yellow',78640,'326a2fcc-3e9b-456f-b23d-6609b32b6780','assets/food_12.jpg'),('df1a7e2b-f5f8-45aa-a4af-dbd675468c45','White',199651,'85d620f8-fd26-4831-b6a6-a69546f960c5','assets/food_6.jpg'),('2d0a3310-0ee7-477e-8b71-c4421d7971c3','Blue',185441,'85d620f8-fd26-4831-b6a6-a69546f960c5','assets/food_14.jpg'),('946e2a56-ab3f-4825-b8d2-491111f0a09a','Brown',190478,'85d620f8-fd26-4831-b6a6-a69546f960c5','assets/food_8.jpg'),('af7a6b40-9a72-4ae2-9fae-2ce9c68cb1ff','Yellow',234566,'85d620f8-fd26-4831-b6a6-a69546f960c5','assets/food_15.jpg'),('429323c0-f80c-4726-acde-fe05a13cc3ba','White',150022,'e34992ed-0246-4ab8-9f04-7d0324e4ca89','assets/food_6.jpg'),('f0e340d6-b6d0-412c-a48f-dea0945222f8','Black',120938,'e34992ed-0246-4ab8-9f04-7d0324e4ca89','assets/food_7.jpg'),('e6b8706c-2298-4e9a-b6dc-bf3aac7a5fb1','Blue',101874,'e34992ed-0246-4ab8-9f04-7d0324e4ca89','assets/food_1.jpg'),('bf17fee0-a063-45aa-acca-fb688c4851b4','Brown',64168,'e34992ed-0246-4ab8-9f04-7d0324e4ca89','assets/food_7.jpg'),('88090180-2252-4e9e-bb2a-111ecbcaa323','Yellow',145053,'e34992ed-0246-4ab8-9f04-7d0324e4ca89','assets/food_7.jpg'),('c14c7126-4cb3-49f1-9c75-0eadeafe921a','White',70596,'d72bfaf5-729e-4bc3-8cb8-6759c7d69e15','assets/food_4.jpg'),('9fc2a87f-284b-4b6c-9360-403a37017b86','Black',204885,'d72bfaf5-729e-4bc3-8cb8-6759c7d69e15','assets/food_9.jpg'),('ebab8927-305b-4be7-8512-9f185eb5c634','Black',77084,'f533d832-e8bb-4268-b197-587452c06d68','assets/food_9.jpg'),('5b9072c0-e1de-4243-9953-7081c655a404','Brown',213411,'f533d832-e8bb-4268-b197-587452c06d68','assets/food_4.jpg'),('59ae3784-9501-4086-b1b9-fd38595673f7','Pink',226479,'e19e6409-3ff5-4aaf-adc6-44f693ca6527','assets/food_6.jpg'),('77f893d6-c816-4c1f-8e63-ccbdccd76083','Brown',122704,'e19e6409-3ff5-4aaf-adc6-44f693ca6527','assets/food_7.jpg'),('a06c955e-3abe-414f-92b6-dc6410477888','Black',85159,'9f1e8417-368e-49db-85c7-3ba5cb7b5c10','assets/food_14.jpg'),('75a368c0-d4d1-4757-a79c-2b558619366e','Blue',114550,'9f1e8417-368e-49db-85c7-3ba5cb7b5c10','assets/food_12.jpg'),('b62a64a3-e891-459f-97c5-55500992c892','Yellow',208114,'9f1e8417-368e-49db-85c7-3ba5cb7b5c10','assets/food_3.jpg'),('a1a50d36-251e-4302-8be7-9a499971c300','White',176351,'9462da26-2983-490c-b252-e8c9ab0d9629','assets/food_2.jpg'),('e8b97dc8-6fe6-4552-a229-447f8fef45f9','Blue',117718,'9462da26-2983-490c-b252-e8c9ab0d9629','assets/food_8.jpg'),('f6eb5af4-1a67-4b8e-8a6b-d66e4c5ff177','Pink',122785,'7afaf60b-7a35-44c0-b980-26ad87968877','assets/food_1.jpg'),('265ace98-0d2c-41c7-b684-fa864faa4dc2','Blue',70251,'7afaf60b-7a35-44c0-b980-26ad87968877','assets/food_6.jpg'),('19220035-45dd-4df3-b416-05268f9f0077','Black',74517,'3d1d91e2-0c75-4fbc-b32b-7d39112b650f','assets/food_5.jpg'),('0fd52a50-0d24-4f2a-9c7a-807d729cb772','Blue',230046,'3d1d91e2-0c75-4fbc-b32b-7d39112b650f','assets/food_7.jpg'),('8efe881e-8a69-46c8-b890-e496b32fd557','White',59535,'8b4cbcb4-75ef-477b-91ba-84f62d41e8f1','assets/food_0.jpg'),('102f4769-f0f9-4c38-b65c-3eed9974d33a','Blue',186908,'8b4cbcb4-75ef-477b-91ba-84f62d41e8f1','assets/food_12.jpg'),('fa62cc73-9c49-402f-b385-c11fcf8c7a15','Yellow',190319,'8b4cbcb4-75ef-477b-91ba-84f62d41e8f1','assets/food_8.jpg'),('ae811802-1714-4201-b117-cc8d5f7a37ee','Black',234243,'3a351bfc-bbd1-422a-8111-5e94a91d1c13','assets/food_6.jpg'),('fb42e7e1-d2c0-4eb3-b260-334212ebccd0','Blue',214661,'3a351bfc-bbd1-422a-8111-5e94a91d1c13','assets/food_13.jpg'),('42d0ede1-ac6e-415f-a69c-18f0338f67b0','Black',161621,'efd199d2-4222-4651-8723-9a7e0ebb870c','assets/food_12.jpg'),('2d9b211e-7a35-4d6e-a54f-8671f56b725e','Blue',67793,'efd199d2-4222-4651-8723-9a7e0ebb870c','assets/food_9.jpg'),('98d0c851-7c45-4263-a0af-3ad6b56ea3f0','Black',213388,'3249425b-ecfa-4d19-ae99-906ebcd4f0fb','assets/food_5.jpg'),('80e7155c-e292-4b7d-88eb-24776f4dd7e7','Pink',227001,'3249425b-ecfa-4d19-ae99-906ebcd4f0fb','assets/food_1.jpg'),('248df61f-3efc-451c-8037-62645adb79be','Blue',66274,'3249425b-ecfa-4d19-ae99-906ebcd4f0fb','assets/food_1.jpg'),('6dc1acdd-13f5-4f84-b90a-72bd9654e698','Blue',76970,'cf2945ff-7d84-43b3-acee-c61e533b250e','assets/food_7.jpg'),('fa873586-9bf5-49f8-8b76-ad4805cbcd22','Brown',228122,'cf2945ff-7d84-43b3-acee-c61e533b250e','assets/food_7.jpg'),('d839f173-8c30-45f5-abfe-d2641485e428','Pink',120065,'ac641c28-3685-4d1f-b973-161ef0d0b754','assets/food_11.jpg'),('1222a524-4390-423c-a5ec-ffeb8851c3fa','Blue',226408,'ac641c28-3685-4d1f-b973-161ef0d0b754','assets/food_1.jpg'),('5b57d171-c782-44a9-9197-4dcab134d4c1','Blue',99253,'141d6a29-b74d-4fe8-8acb-d298c44457df','assets/food_1.jpg'),('5990f978-458f-4d4f-9e50-919e873f35b9','Brown',81369,'141d6a29-b74d-4fe8-8acb-d298c44457df','assets/food_2.jpg'),('25d91a30-fc15-42df-b231-dd29ebdcfea7','White',67877,'0a18376a-2f72-4f4d-98b3-1e0cd33ccc33','assets/food_2.jpg'),('99349f74-f318-4992-b93d-037607d8dc73','Black',99806,'0a18376a-2f72-4f4d-98b3-1e0cd33ccc33','assets/food_8.jpg'),('54f50d54-c4be-4d0b-8490-a849391698ee','Pink',85395,'0a18376a-2f72-4f4d-98b3-1e0cd33ccc33','assets/food_5.jpg'),('3c4c4127-2452-43b5-a4b5-3dc149510ab7','Brown',223300,'0a18376a-2f72-4f4d-98b3-1e0cd33ccc33','assets/food_4.jpg'),('99b9585f-2010-47d5-9583-af87c3fdd427','Yellow',90317,'0a18376a-2f72-4f4d-98b3-1e0cd33ccc33','assets/food_1.jpg'),('be937736-c030-4091-bc17-55afb8f92f0f','Black',171244,'2dd911c7-c6f9-4db4-accc-426f91306ed0','assets/food_15.jpg'),('56d61ca8-fd70-4bfa-ab50-fad7b4749ed2','Pink',230392,'2dd911c7-c6f9-4db4-accc-426f91306ed0','assets/food_11.jpg'),('82e3a7ba-d947-4c67-b5cb-5c9446307898','Brown',172279,'2dd911c7-c6f9-4db4-accc-426f91306ed0','assets/food_11.jpg'),('b6e4f8ec-d4f9-48a3-ad86-ad85c6d59730','Yellow',234731,'2dd911c7-c6f9-4db4-accc-426f91306ed0','assets/food_13.jpg'),('688336a8-d4a1-42c8-8c93-72cf46ee9db6','White',204329,'8d075168-0c6c-4c33-ad20-83ee1c4cc44d','assets/food_14.jpg'),('92b6a4f2-717c-4947-8fc1-f7abd68c7cb0','Black',158890,'8d075168-0c6c-4c33-ad20-83ee1c4cc44d','assets/food_7.jpg'),('b3f70eb5-8cc5-44b8-9540-74e93fd79aeb','Pink',222470,'8d075168-0c6c-4c33-ad20-83ee1c4cc44d','assets/food_7.jpg'),('9e2a12b5-222b-4138-812f-47102801c976','Brown',96698,'8d075168-0c6c-4c33-ad20-83ee1c4cc44d','assets/food_6.jpg'),('5264974b-a6d2-4dae-9c7b-993fbe4c63d9','Yellow',137462,'8d075168-0c6c-4c33-ad20-83ee1c4cc44d','assets/food_2.jpg'),('ba20a316-1765-4813-b2e3-0c9c45a405ef','Blue',102261,'d1b470f1-fbd6-45d1-9cbe-a64a790f1c97','assets/food_2.jpg'),('9f1db983-c1ec-441d-a097-d959a22cb8ab','Yellow',99532,'d1b470f1-fbd6-45d1-9cbe-a64a790f1c97','assets/food_0.jpg'),('1ed502a1-c52f-4966-80a8-d1d521c67541','Black',173306,'157eb1bf-0b6a-46be-b035-f6b8c27967ad','assets/food_15.jpg'),('a91c4492-02bc-467d-8403-bdb59eff8795','Blue',248021,'157eb1bf-0b6a-46be-b035-f6b8c27967ad','assets/food_2.jpg'),('408256e2-436f-4729-9774-387107e24ddc','Yellow',216014,'157eb1bf-0b6a-46be-b035-f6b8c27967ad','assets/food_9.jpg'),('84d52097-0b81-444d-a75b-a928bd617c2d','Black',189177,'09b329e2-66f4-4edf-938a-b54b397b8ed5','assets/food_6.jpg'),('70d8fdd1-0b6e-4257-bdae-19752f3db05e','Pink',151864,'09b329e2-66f4-4edf-938a-b54b397b8ed5','assets/food_0.jpg'),('72da515f-069b-4b79-aad8-0f4044de2b99','Brown',97520,'09b329e2-66f4-4edf-938a-b54b397b8ed5','assets/food_9.jpg'),('ab0d0f9b-f6ed-4752-822c-348f32a4aacb','Yellow',235929,'09b329e2-66f4-4edf-938a-b54b397b8ed5','assets/food_4.jpg'),('8b5bdca7-87a3-4b2b-8f27-8046195c1c8c','White',99523,'76696854-7f7c-4ed9-950e-40d5462fd73e','assets/food_12.jpg'),('487f3ad7-a16f-48fc-98a7-22684bed0463','Brown',213436,'76696854-7f7c-4ed9-950e-40d5462fd73e','assets/food_0.jpg'),('5b55fbb0-2222-47f5-a658-1bb9d11a0f20','White',59301,'ea1944b0-4be2-43b5-8fb6-d8a633977c37','assets/food_0.jpg'),('74aa9cd6-363e-4775-a4ed-aec1d3394a1f','Black',214785,'ea1944b0-4be2-43b5-8fb6-d8a633977c37','assets/food_12.jpg'),('cd39f9eb-156d-4b26-8dcb-6cc2ffba8400','Pink',188356,'ea1944b0-4be2-43b5-8fb6-d8a633977c37','assets/food_0.jpg'),('d0ffd677-e188-4293-8561-2bfc57640fe3','White',201398,'f040ca81-6cfc-4d33-a533-613c9037622a','assets/food_8.jpg'),('a87158f8-5834-40b6-9a05-95f3326ac383','Brown',143305,'f040ca81-6cfc-4d33-a533-613c9037622a','assets/food_11.jpg'),('a2893076-319f-42a6-afde-2502690925f0','Yellow',114472,'f040ca81-6cfc-4d33-a533-613c9037622a','assets/food_9.jpg'),('a54deb6b-8a3b-4637-8aab-ffc0b6b8da30','Pink',146820,'b83088d0-7244-4ddb-aa9e-71fa8300bdb5','assets/food_12.jpg'),('1ab17163-3e73-4a8b-a97d-a705760335fc','Blue',131155,'b83088d0-7244-4ddb-aa9e-71fa8300bdb5','assets/food_9.jpg'),('48c5ece6-a482-4801-a591-240421effeb9','Brown',101210,'b83088d0-7244-4ddb-aa9e-71fa8300bdb5','assets/food_6.jpg'),('db3da99f-6b67-497b-893c-162f51340c20','Yellow',76019,'b83088d0-7244-4ddb-aa9e-71fa8300bdb5','assets/food_4.jpg'),('41a54930-7e08-4eba-9bf4-dd495814ed2a','White',143214,'7d903eca-2c75-4841-af80-b3e9d363d771','assets/food_12.jpg'),('d426924f-a449-4e1a-bd7e-ffaf60ff9099','Yellow',100949,'7d903eca-2c75-4841-af80-b3e9d363d771','assets/food_5.jpg'),('52b48a53-70a5-43f3-9a9d-e99822f4305d','Pink',167085,'c75af5bd-1dc1-49b3-b76c-c254364a9e0f','assets/food_12.jpg'),('c9819677-b718-4c67-aa60-6d6346f25adf','Brown',207063,'c75af5bd-1dc1-49b3-b76c-c254364a9e0f','assets/food_14.jpg'),('9ec0760c-9296-450e-918c-40d7a90e4c60','Black',232082,'4e7236cf-2e16-4382-aabb-0e22ade77bd3','assets/food_10.jpg'),('7b2942bc-75b7-4e40-b3ac-f5dbbe3a8fb2','Blue',227234,'4e7236cf-2e16-4382-aabb-0e22ade77bd3','assets/food_15.jpg'),('1f417219-deb5-4c9c-a6d0-1747c6c185fa','Brown',127371,'4e7236cf-2e16-4382-aabb-0e22ade77bd3','assets/food_10.jpg'),('bb73dbac-3fb0-4d5a-8f66-7934e096b50d','Yellow',82060,'4e7236cf-2e16-4382-aabb-0e22ade77bd3','assets/food_3.jpg'),('e5ee7e57-480c-439f-b225-65827fb0ff6c','Brown',77160,'5802cc26-ed98-4460-befb-f53598f18e1a','assets/food_8.jpg'),('980102a5-0bbd-4f91-bf84-8f42c1b72c3a','Black',181702,'fc59ae4b-b7b3-402d-8fb6-ddfd35a39448','assets/food_9.jpg'),('70135968-8934-4135-bf78-4ea919e18e98','Brown',70764,'fc59ae4b-b7b3-402d-8fb6-ddfd35a39448','assets/food_11.jpg'),('fbcd0e2e-df3a-45a3-a842-42195649f0c0','Yellow',85113,'fc59ae4b-b7b3-402d-8fb6-ddfd35a39448','assets/food_15.jpg'),('68e1b02b-c6d6-4805-8161-5f0e3baeff9b','White',190183,'b2d26a3a-8862-4a6f-a93d-1cd3ac28b37f','assets/food_12.jpg'),('ce582c75-b300-4570-bb67-49d5c949d921','Blue',59279,'b2d26a3a-8862-4a6f-a93d-1cd3ac28b37f','assets/food_3.jpg'),('e793a56f-b9a9-4d3d-ba96-4e76f8827f27','Brown',214586,'b2d26a3a-8862-4a6f-a93d-1cd3ac28b37f','assets/food_13.jpg'),('3cf9c908-686a-42db-a64d-08d46f9326b4','Yellow',77757,'b2d26a3a-8862-4a6f-a93d-1cd3ac28b37f','assets/food_11.jpg'),('698413fb-3dba-41f9-88a5-efc00362626f','Blue',169898,'f31375c3-0d0b-45c9-a77b-44253d286d35','assets/food_9.jpg'),('3c552081-28ca-4286-b33c-5373a3e07fa2','Brown',235772,'f31375c3-0d0b-45c9-a77b-44253d286d35','assets/food_1.jpg'),('f33a155a-858f-4711-9d60-077f03cb710a','White',228172,'8d1189cf-4ad9-475a-a044-d3b296c41bfa','assets/food_8.jpg'),('d92fc7f4-0941-4489-9187-ce2b125762ce','Black',76606,'8d1189cf-4ad9-475a-a044-d3b296c41bfa','assets/food_0.jpg'),('4c1ac455-2359-4af3-a3e3-07d8cb2c9f09','Brown',130351,'8d1189cf-4ad9-475a-a044-d3b296c41bfa','assets/food_7.jpg'),('65433254-10ba-4bbe-9a1c-2c10fc28cf77','White',89913,'f868b9d4-09a5-44fd-94d7-7613c78804c4','assets/food_2.jpg'),('be37ce6f-a924-4eee-bd49-85f88357201a','Black',82173,'f868b9d4-09a5-44fd-94d7-7613c78804c4','assets/food_2.jpg'),('2915db17-d21d-4ba0-a858-cdc5e48c88aa','Pink',224640,'e7f5df15-69ac-4adf-93f5-4218a256379d','assets/food_6.jpg'),('03af856d-52fb-4211-8b53-9c45517400af','Yellow',202316,'e7f5df15-69ac-4adf-93f5-4218a256379d','assets/food_15.jpg'),('34b4fb3d-a227-4368-9cd6-16f7597f205c','White',207320,'f836b6ad-bebf-42a8-97e6-4a9ed93468d9','assets/food_8.jpg'),('a9a087ce-bbb1-4637-8fcb-6b9e5b794d1b','Black',219524,'f836b6ad-bebf-42a8-97e6-4a9ed93468d9','assets/food_1.jpg'),('68eb93ee-4ddc-4427-ac0b-24ab584de5db','Pink',210435,'f836b6ad-bebf-42a8-97e6-4a9ed93468d9','assets/food_3.jpg'),('745ad415-ec87-4c42-a259-7a35032a127c','Yellow',190882,'f836b6ad-bebf-42a8-97e6-4a9ed93468d9','assets/food_3.jpg'),('9f1927a8-1870-4ad4-ae71-3886b79a6a3e','Pink',235290,'a9814502-5394-4ddb-b6b5-4005d6beca5f','assets/food_1.jpg'),('2375d2e5-7896-41ba-aea9-131270147c7c','Yellow',200705,'a9814502-5394-4ddb-b6b5-4005d6beca5f','assets/food_7.jpg'),('dd7f6108-b7cf-410c-97c1-6a965a62a0f9','Blue',220005,'a9e0909a-7001-47a5-ae9a-82b30664db8f','assets/food_12.jpg'),('f1eef348-c586-4251-9f81-157b1649d3af','Yellow',217770,'a9e0909a-7001-47a5-ae9a-82b30664db8f','assets/food_14.jpg'),('de4494d7-45ca-4d31-87b3-984d0953a125','White',193956,'806af13e-f160-4935-8343-086196aa0329','assets/food_0.jpg'),('3e3632b7-2f90-4c07-a0d8-4bdb8f2efc21','Pink',159816,'806af13e-f160-4935-8343-086196aa0329','assets/food_1.jpg'),('75ba8922-4016-4c94-b5a7-23f63db090e3','Blue',50432,'806af13e-f160-4935-8343-086196aa0329','assets/food_6.jpg'),('4c0c7930-5152-4b22-b8d5-6b417e744d72','Brown',214030,'806af13e-f160-4935-8343-086196aa0329','assets/food_13.jpg'),('5e9d7abe-dde9-4964-9f1d-7a47331a6a30','Yellow',142947,'806af13e-f160-4935-8343-086196aa0329','assets/food_1.jpg'),('d04868e9-941e-404e-a4a6-c731d368df41','Blue',150274,'62e9a4cb-de8a-43b1-82dc-9ccd97f90e6c','assets/food_5.jpg'),('79c1e5ee-c186-4f71-adaf-68c80e3e925c','White',66213,'cda11df4-2b05-4229-b6f4-86ae84825460','assets/food_14.jpg'),('8ad5fc14-f5d7-42a1-947f-e97267c52387','Black',124093,'cda11df4-2b05-4229-b6f4-86ae84825460','assets/food_8.jpg'),('a12aa688-2e81-4f1a-b604-ad6e85a70dd5','Pink',150519,'cda11df4-2b05-4229-b6f4-86ae84825460','assets/food_4.jpg'),('be116b01-0720-492e-a7b0-61a5e1af8fb9','Yellow',101696,'cda11df4-2b05-4229-b6f4-86ae84825460','assets/food_7.jpg'),('6a006b56-3722-4727-890e-3ab7d1d16d75','White',156188,'93963018-cc00-4fbb-a2ff-9206232de53e','assets/food_3.jpg'),('b1b2df5d-c709-4ffd-ba3c-6555bd955d4d','Pink',85543,'93963018-cc00-4fbb-a2ff-9206232de53e','assets/food_1.jpg'),('afa02e81-a95a-45b9-a48f-8f29860f1499','Blue',124206,'93963018-cc00-4fbb-a2ff-9206232de53e','assets/food_3.jpg'),('cf9edf90-c31c-47b9-acad-ca7df4111d8d','Yellow',234907,'93963018-cc00-4fbb-a2ff-9206232de53e','assets/food_9.jpg'),('1e0f639b-bfb2-46e1-a23e-d6a1cc912c13','Pink',169103,'6e2a6135-47e2-46b1-b6ee-052c2a34dcbe','assets/food_10.jpg'),('d969ca38-5f33-4bef-af4b-6d1dc5805395','Yellow',50453,'6e2a6135-47e2-46b1-b6ee-052c2a34dcbe','assets/food_12.jpg'),('174d7062-d422-43c1-a338-6d47d639bda2','Pink',222114,'7a9451bb-d717-459e-be90-e8d09adccad3','assets/food_9.jpg'),('58fdf89e-33ca-41cb-8156-2023e7a24f6c','Pink',130511,'965915dd-ae1b-4c74-a06b-6d37da257a15','assets/food_0.jpg'),('3b38a747-e81b-47f8-8fc6-08dc2127f639','Blue',136470,'16e57705-808c-4287-8e58-660e503d8a7c','assets/food_9.jpg'),('9e43161a-3529-44b0-ae46-17704a9bcbbf','Brown',160734,'16e57705-808c-4287-8e58-660e503d8a7c','assets/food_9.jpg'),('32693819-0e10-40c4-b967-c971dfe9b278','White',182712,'f3ee93a3-1f15-4475-a509-a3d4b38c0c58','assets/food_4.jpg'),('908ba8d5-7b60-4101-86ac-ed1f7708dba4','Pink',60455,'f3ee93a3-1f15-4475-a509-a3d4b38c0c58','assets/food_4.jpg'),('734c2ff1-7ca5-44c2-83d0-a1fe0fa1d4e1','Blue',91486,'f3ee93a3-1f15-4475-a509-a3d4b38c0c58','assets/food_5.jpg'),('3ec8842a-339e-4def-9cf9-12cc1866a513','Brown',114657,'f3ee93a3-1f15-4475-a509-a3d4b38c0c58','assets/food_5.jpg'),('b7a182fb-d881-4825-870d-dced505e9963','Yellow',75758,'f3ee93a3-1f15-4475-a509-a3d4b38c0c58','assets/food_15.jpg'),('0fa817cb-10f1-404b-97c9-27ca8a2e6c59','Black',193880,'a21db4ef-9110-4589-b49d-4eda5459b1a5','assets/food_13.jpg'),('8f9e8f5e-a066-494c-922b-8d9e8e3d89be','Brown',154716,'a21db4ef-9110-4589-b49d-4eda5459b1a5','assets/food_9.jpg'),('f502ee67-f5b3-46cc-baec-ad86c8ec4be1','Black',204442,'39e3e807-9738-4a99-ac45-c1cb8bcd7a1f','assets/food_14.jpg'),('f7ce2cd5-7ece-4a0a-b92b-f6f66d6e1b0c','Pink',125170,'39e3e807-9738-4a99-ac45-c1cb8bcd7a1f','assets/food_13.jpg'),('c9cca165-5cd0-4195-b0bf-0b466094b8eb','Blue',100566,'39e3e807-9738-4a99-ac45-c1cb8bcd7a1f','assets/food_8.jpg'),('0ee0dd3a-b154-4a72-ad84-d8f6b43077bc','White',182825,'18964b52-0aa8-4b25-843d-cb17b1ddc1fe','assets/food_11.jpg'),('056cb152-cf19-4c53-a03a-4d23467baf77','Black',102086,'18964b52-0aa8-4b25-843d-cb17b1ddc1fe','assets/food_11.jpg'),('e816ff7c-e7f0-4437-9615-0075754bdb17','Pink',172057,'18964b52-0aa8-4b25-843d-cb17b1ddc1fe','assets/food_15.jpg'),('7afe24e5-d402-48f3-8f35-c727d251aab7','Blue',93147,'18964b52-0aa8-4b25-843d-cb17b1ddc1fe','assets/food_7.jpg'),('1b40ba1f-d263-4b77-9539-15130161efec','Yellow',134705,'18964b52-0aa8-4b25-843d-cb17b1ddc1fe','assets/food_0.jpg'),('452b4ab0-28df-4d88-9e3a-bc84ace7a4eb','Black',129491,'eabfa3d6-090c-4427-b591-33a40de03d4f','assets/food_15.jpg'),('61a4afbf-1d9b-4783-99b3-98f74360d851','Blue',69593,'eabfa3d6-090c-4427-b591-33a40de03d4f','assets/food_12.jpg'),('491efcb9-84c9-4a55-8121-027eaa13b7e2','Yellow',70172,'eabfa3d6-090c-4427-b591-33a40de03d4f','assets/food_2.jpg'),('694f396d-d32c-4c95-b3fd-90f9ed9115e9','Pink',168848,'44ec511a-17c5-406a-ac47-8b33379a9258','assets/food_2.jpg'),('649eb50d-b85a-4a8c-957a-4e21c027499a','Blue',102780,'44ec511a-17c5-406a-ac47-8b33379a9258','assets/food_9.jpg'),('81b4e78b-2135-4813-8cb2-431b9161be48','Brown',93296,'44ec511a-17c5-406a-ac47-8b33379a9258','assets/food_6.jpg'),('6941c43a-3fb1-497e-a15c-53840e509581','Yellow',195904,'44ec511a-17c5-406a-ac47-8b33379a9258','assets/food_12.jpg'),('4adfcd73-df53-4266-9e4a-263c7d163b7b','Black',176976,'54adc3b9-54f5-46f1-9c70-569faea8b328','assets/food_4.jpg'),('1ebb23ea-baf0-4ab1-8e60-9e7aa6aa13d1','Pink',233465,'54adc3b9-54f5-46f1-9c70-569faea8b328','assets/food_5.jpg'),('afa7bd10-0127-4e05-9de8-5fbf1b6d7030','Brown',175264,'54adc3b9-54f5-46f1-9c70-569faea8b328','assets/food_5.jpg'),('096543de-5948-4371-936b-5dddb60607c1','Yellow',219426,'54adc3b9-54f5-46f1-9c70-569faea8b328','assets/food_8.jpg'),('f9a44822-9d63-4017-bc3b-da95b705ef95','White',61400,'a087b803-9b5a-4820-9aef-e4609d80cf17','assets/food_7.jpg'),('20d74d18-a9b7-47bc-975f-02134999a7e3','Blue',97455,'a087b803-9b5a-4820-9aef-e4609d80cf17','assets/food_9.jpg'),('ec5d11f2-74df-45c3-b201-dacaf278d841','Yellow',142159,'a087b803-9b5a-4820-9aef-e4609d80cf17','assets/food_15.jpg'),('b4e549ee-f3e3-4dff-8b7f-90fe03c32f45','White',51325,'875d52c3-3ce5-4e06-8c6d-4162a863b718','assets/food_8.jpg'),('962cc6aa-2a05-4bc6-934e-418264955bb7','Blue',244466,'875d52c3-3ce5-4e06-8c6d-4162a863b718','assets/food_5.jpg'),('507e16f8-272f-42c0-9d07-1ebacf09997f','Brown',210441,'875d52c3-3ce5-4e06-8c6d-4162a863b718','assets/food_14.jpg'),('7cdc954e-0312-405b-8d6a-2f53284cbeb8','Yellow',174320,'875d52c3-3ce5-4e06-8c6d-4162a863b718','assets/food_12.jpg'),('6c759e7d-a82a-40a2-aa65-eac3754ff317','Pink',108683,'96bd3066-32ca-4017-8ee8-a445bf789b98','assets/food_7.jpg'),('52729d32-4742-4eee-a6db-01a3a4a7d136','Blue',240398,'96bd3066-32ca-4017-8ee8-a445bf789b98','assets/food_0.jpg'),('2ff3ba0c-bb04-4364-aff1-f25097ae0504','Brown',121099,'96bd3066-32ca-4017-8ee8-a445bf789b98','assets/food_4.jpg'),('428e5547-2fd7-4160-8a3e-c7eccc8d1caf','Yellow',240412,'96bd3066-32ca-4017-8ee8-a445bf789b98','assets/food_2.jpg'),('c285bcd8-3cfd-46c9-92ce-ebfdc8f38f3c','White',78510,'8c6960d8-a631-4fcc-81a8-4e8ab18d0651','assets/food_14.jpg'),('1ac836dc-7548-49f9-82ea-30598e893957','Pink',137707,'8c6960d8-a631-4fcc-81a8-4e8ab18d0651','assets/food_6.jpg'),('118a90a9-5bc5-4092-b3e5-74e1cc19e29f','Brown',52841,'8c6960d8-a631-4fcc-81a8-4e8ab18d0651','assets/food_10.jpg'),('00474547-6734-4e7a-a1b6-86b0ff0a6e9d','Yellow',178841,'8c6960d8-a631-4fcc-81a8-4e8ab18d0651','assets/food_7.jpg'),('b757883d-09ea-4ab1-96e3-c551fb63924a','Black',54949,'7bb1774e-5b65-4aba-bbdb-b5146d7a5167','assets/food_14.jpg'),('d8a0a0d2-1d23-4b10-b7fc-613cd374ff84','Pink',241478,'7bb1774e-5b65-4aba-bbdb-b5146d7a5167','assets/food_11.jpg'),('f035f11f-7e19-49da-a923-2f002e7bf8f5','White',135671,'7689f1fa-8749-4a4c-9a63-f1689b8efc1c','assets/food_13.jpg'),('b8090a06-417b-4c4b-8b1f-b68efb8c23a2','Black',211020,'7689f1fa-8749-4a4c-9a63-f1689b8efc1c','assets/food_15.jpg'),('5a16189c-8d2c-438a-b296-41448ff63000','Pink',137089,'7689f1fa-8749-4a4c-9a63-f1689b8efc1c','assets/food_7.jpg'),('c8558303-66ca-447c-94ac-f14e6b0ed576','Yellow',198833,'7689f1fa-8749-4a4c-9a63-f1689b8efc1c','assets/food_11.jpg'),('026a2888-ecc5-4d29-92bc-96e177438c5e','White',130411,'e1560639-1bdd-4672-bf7a-2eb10bec4364','assets/food_15.jpg'),('9b16aa14-5680-48f6-b399-e1c945b671ca','Black',100857,'e1560639-1bdd-4672-bf7a-2eb10bec4364','assets/food_2.jpg'),('7f1dac97-f0f1-4ad9-90dd-7b495f889d09','Pink',212400,'e1560639-1bdd-4672-bf7a-2eb10bec4364','assets/food_2.jpg'),('6dfbee2e-5489-4363-bb66-c4d61da6f4ab','Brown',76628,'e1560639-1bdd-4672-bf7a-2eb10bec4364','assets/food_15.jpg'),('9fb6eb3e-3120-4826-aced-da5c26a08980','Black',180723,'1190b611-283c-460e-bdd9-e2c0b64e2f0d','assets/food_6.jpg'),('bfdab994-472b-463e-9d3f-d116e034598d','Pink',185963,'1190b611-283c-460e-bdd9-e2c0b64e2f0d','assets/food_15.jpg'),('2bf0ef0b-356c-4001-a240-aa9fe9e346bd','Blue',246967,'1190b611-283c-460e-bdd9-e2c0b64e2f0d','assets/food_5.jpg'),('e358cc46-ccf9-4567-bf92-1f2c46722ece','Yellow',165256,'1190b611-283c-460e-bdd9-e2c0b64e2f0d','assets/food_4.jpg'),('943fe378-f420-4415-8007-9fcab0d2cdb3','Black',103466,'40263da5-c7b3-423c-aa79-988fbf6667d7','assets/food_8.jpg'),('f1b9fb54-b39a-4bef-aace-2c452b55a77d','Brown',157858,'40263da5-c7b3-423c-aa79-988fbf6667d7','assets/food_6.jpg'),('648f919b-1fd3-4db5-b06f-1ab3c04e6026','Black',219514,'7427e0fe-ba49-4dd9-a82d-108ba8e56762','assets/food_10.jpg'),('d378e0e4-62f5-4c88-a191-4f8d91cb5c8d','Pink',117153,'7427e0fe-ba49-4dd9-a82d-108ba8e56762','assets/food_2.jpg'),('4b6954eb-a06f-4b99-af53-657e9fa4db49','Brown',65344,'7427e0fe-ba49-4dd9-a82d-108ba8e56762','assets/food_14.jpg'),('0c63bf41-3df8-450b-8712-e19247634506','White',184850,'d9ceca88-2c08-4219-8ed0-45c39be995cf','assets/food_14.jpg'),('0d4dc043-8869-4d8b-9ec6-496a8097e378','Black',60553,'d9ceca88-2c08-4219-8ed0-45c39be995cf','assets/food_13.jpg'),('7eb4cc69-23ee-43f9-bcad-1ed8ec7c5840','Pink',112742,'d9ceca88-2c08-4219-8ed0-45c39be995cf','assets/food_1.jpg'),('ec0fbdea-10e2-423f-9d65-4ce6d9213105','Blue',103261,'d9ceca88-2c08-4219-8ed0-45c39be995cf','assets/food_13.jpg'),('027c5134-edc9-4efd-b2d9-8070f9d0b619','Black',236683,'2b079150-68a9-4dd2-ae6e-e938cda1de67','assets/food_8.jpg'),('fef123e7-4919-4147-9fc8-2e032bc0cb58','Pink',55382,'2b079150-68a9-4dd2-ae6e-e938cda1de67','assets/food_2.jpg'),('7fabf384-4ea4-4756-91d9-7ccc1a912f4b','White',246260,'a273beec-996b-453e-a43c-9da72dcfb4b5','assets/food_5.jpg'),('4d952b3e-dc7d-4dc7-9ebf-a24fbb612874','Black',227996,'a273beec-996b-453e-a43c-9da72dcfb4b5','assets/food_0.jpg'),('3b3aff8d-d238-4276-b9a2-1d1a232d2a01','Pink',108907,'a273beec-996b-453e-a43c-9da72dcfb4b5','assets/food_4.jpg'),('400155c1-9000-4b9b-bfc1-c054608958a7','Brown',219282,'a273beec-996b-453e-a43c-9da72dcfb4b5','assets/food_0.jpg');
/*!40000 ALTER TABLE `colors` ENABLE KEYS */;
UNLOCK TABLES;

--
-- Table structure for table `company`
--

DROP TABLE IF EXISTS `company`;
/*!40101 SET @saved_cs_client     = @@character_set_client */;
/*!50503 SET character_set_client = utf8mb4 */;
CREATE TABLE `company` (
  `id` varchar(40) NOT NULL,
  `Company_ID` varchar(40) DEFAULT NULL,
  `name` varchar(255) DEFAULT NULL,
  `created_date` date DEFAULT NULL,
  `update_date` date DEFAULT NULL,
  `phone` varchar(20) DEFAULT NULL,
  `address` varchar(255) DEFAULT NULL,
  `code` varchar(255) DEFAULT NULL,
  PRIMARY KEY (`id`)
) ENGINE=InnoDB DEFAULT CHARSET=utf8mb4 COLLATE=utf8mb4_0900_ai_ci;
/*!40101 SET character_set_client = @saved_cs_client */;

--
-- Dumping data for table `company`
--

LOCK TABLES `company` WRITE;
/*!40000 ALTER TABLE `company` DISABLE KEYS */;
/*!40000 ALTER TABLE `company` ENABLE KEYS */;
UNLOCK TABLES;

--
-- Table structure for table `customer`
--

DROP TABLE IF EXISTS `customer`;
/*!40101 SET @saved_cs_client     = @@character_set_client */;
/*!50503 SET character_set_client = utf8mb4 */;
CREATE TABLE `customer` (
  `id` varchar(40) NOT NULL,
  `eCustomer_ID` varchar(40) DEFAULT NULL,
  `fullname` varchar(255) DEFAULT NULL,
  `email` varchar(255) DEFAULT NULL,
  `phone` varchar(20) DEFAULT NULL,
  `address` varchar(255) DEFAULT NULL,
  `birthday` date DEFAULT NULL,
  `date_created` date DEFAULT NULL,
  `date_updated` date DEFAULT NULL,
  `ranking` varchar(40) DEFAULT NULL,
  `password` varchar(255) DEFAULT NULL,
  `gender` varchar(255) DEFAULT NULL,
  PRIMARY KEY (`id`)
) ENGINE=InnoDB DEFAULT CHARSET=utf8mb4 COLLATE=utf8mb4_0900_ai_ci;
/*!40101 SET character_set_client = @saved_cs_client */;

--
-- Dumping data for table `customer`
--

LOCK TABLES `customer` WRITE;
/*!40000 ALTER TABLE `customer` DISABLE KEYS */;
INSERT INTO `customer` VALUES ('c0b772a3-1e7e-441f-99fa-9c03c6229249','NYDS-3166','Nguyn Hong Thnh','thinhnh20@uef.edu.vn','07673334160','240/13/17 Nguyn Vn Lung P11 Qun 6','2002-04-11','2024-01-13',NULL,NULL,'1','MALE');
/*!40000 ALTER TABLE `customer` ENABLE KEYS */;
UNLOCK TABLES;

--
-- Table structure for table `customer_info`
--

DROP TABLE IF EXISTS `customer_info`;
/*!40101 SET @saved_cs_client     = @@character_set_client */;
/*!50503 SET character_set_client = utf8mb4 */;
CREATE TABLE `customer_info` (
  `id` varchar(255) NOT NULL,
  `eCustomer_ID` varchar(12) DEFAULT NULL,
  `fullname` varchar(255) DEFAULT NULL,
  `phone` varchar(11) DEFAULT NULL,
  `email` varchar(255) DEFAULT NULL,
  `address` varchar(255) DEFAULT NULL,
  PRIMARY KEY (`id`)
) ENGINE=InnoDB DEFAULT CHARSET=utf8mb4 COLLATE=utf8mb4_0900_ai_ci;
/*!40101 SET character_set_client = @saved_cs_client */;

--
-- Dumping data for table `customer_info`
--

LOCK TABLES `customer_info` WRITE;
/*!40000 ALTER TABLE `customer_info` DISABLE KEYS */;
INSERT INTO `customer_info` VALUES ('00816aeb-a9a6-4857-941f-fda207403ba7','XOOA-3313',NULL,NULL,NULL,NULL),('0454c90f-7d87-4256-8026-be3e6e692c84','OJPJ-7340',NULL,NULL,NULL,NULL),('0478bf7e-0684-4daa-8207-a16e0164ef27','ROIP-3955',NULL,NULL,NULL,NULL),('05cab3f4-3a13-4b83-840f-749fcf540a3d','ZCSO-9636',NULL,NULL,NULL,NULL),('0aefbe69-98e9-4eac-9897-2b9ce46211fa','DKCX-4543',NULL,NULL,NULL,NULL),('0b5c6b5c-006f-427f-aac1-27c9e8b760f4','QXVA-6477',NULL,NULL,NULL,NULL),('0e19d8fc-2551-48b2-b3c1-c05be568206c','YNML-1399',NULL,NULL,NULL,NULL),('0eacf52a-c973-4ebf-8580-6edb8d5a4ab1','DRBW-9535',NULL,NULL,NULL,NULL),('0fcd5a83-a901-4c74-b569-51f711dad5ac','SHNW-5104',NULL,NULL,NULL,NULL),('207d34dd-390a-4b0c-ad9e-5e3d320c035a','VHRP-8973',NULL,NULL,NULL,NULL),('21ae681f-e8b6-4816-adcf-e1172a50d7f9','SQWU-6617',NULL,NULL,NULL,NULL),('238c3b08-2a1c-4ace-a04b-5cf8dfc5de31','KOVM-1588',NULL,NULL,NULL,NULL),('25de8158-474b-4907-a479-0655c782dddd','DEIH-2609',NULL,NULL,NULL,NULL),('27dfdb2a-81a5-4460-aa32-a441284af92a','AELX-5631',NULL,NULL,NULL,NULL),('2be12942-9217-445a-87ad-0a4ce69f80e2','BFYL-3523',NULL,NULL,NULL,NULL),('2beb19de-14f3-469d-94ea-e363cb48b159','QBEI-1792',NULL,NULL,NULL,NULL),('2c3ac1d7-008b-4e71-b6dd-e4560ec44f97','LLFF-6926',NULL,NULL,NULL,NULL),('2c7a2e1b-0151-4104-b954-686e39407d43','PMNQ-7437',NULL,NULL,NULL,NULL),('2c823e67-f3ce-4989-ac5d-eee7ee784eee','AFSB-3906',NULL,NULL,NULL,NULL),('2dd92af9-eea1-4b91-9674-d8456b1e5ec9','CUQG-1462',NULL,NULL,NULL,NULL),('2e85f336-0a31-4148-8c6d-5a6a59390774','ORSY-2830',NULL,NULL,NULL,NULL),('341fdbff-7aaf-4f6e-8308-1a96d360609a','KOUD-9489',NULL,NULL,NULL,NULL),('352c0b36-8810-4e6f-b610-4a0ae7c3c095','FRCE-2739',NULL,NULL,NULL,NULL),('35e01a59-f928-40a6-ac90-4f0f8dc6a51e','MYRM-0380',NULL,NULL,NULL,NULL),('36a09645-dcfe-42bf-9960-e99626269a4b','PEWA-3252',NULL,NULL,NULL,NULL),('3b0f8bef-3fb3-48a6-89df-4d176e1ebc64','ZPYZ-0946',NULL,NULL,NULL,NULL),('3b50c01f-04d9-4161-8be4-093b537ce31d','VSFJ-0393',NULL,NULL,NULL,NULL),('3e799d44-6ce0-4137-8d62-a801ead05145','LFVX-9189',NULL,NULL,NULL,NULL),('40c07782-38ce-4a74-bea0-d1c9ff54d72d','KYRE-0577',NULL,NULL,NULL,NULL),('40f9e028-0c37-474e-90b7-744acfe3ffd3','JGQO-3257',NULL,NULL,NULL,NULL),('41bf164c-0c20-465b-99be-71ae71aac5af','UNGC-3755',NULL,NULL,NULL,NULL),('4234c056-0204-49fb-982d-1c58da662b67','LOGB-3058',NULL,NULL,NULL,NULL),('43165fc1-b289-4070-bb41-fe83556252be','UVZH-4385',NULL,NULL,NULL,NULL),('4b143cb6-0fd9-46b2-b472-dc986555a9a3','BESP-9738',NULL,NULL,NULL,NULL),('4b5b2f20-166c-46e2-8ac5-0e3b26d32700','ERQK-0926',NULL,NULL,NULL,NULL),('4e548e6d-f14d-4af3-a8f7-536563b22596','SXVM-3501',NULL,NULL,NULL,NULL),('4e97704c-a896-4f62-ab9b-553c13695897','EQTZ-8793',NULL,NULL,NULL,NULL),('515096ab-bc26-4568-9617-7c99cabe583c','XPRB-6718',NULL,NULL,NULL,NULL),('53167763-60f3-438e-85a4-13f66d10231e','KQIP-8237',NULL,NULL,NULL,NULL),('56f7a9bb-9bb7-465d-8960-1fe216c41db6','AYKL-9167',NULL,NULL,NULL,NULL),('57388ae4-f0e4-4700-855b-ded0ce112ae9','BTAV-1505',NULL,NULL,NULL,NULL),('592f9616-0b8f-479c-8738-0c0cda1068e4','RQLE-2094',NULL,NULL,NULL,NULL),('5b655b65-6d2e-4972-bd92-68176994ad88','EQNW-0630',NULL,NULL,NULL,NULL),('5beed6df-4c8c-43e8-ae95-58a643115dcb','YSRI-7369',NULL,NULL,NULL,NULL),('5dc13946-886d-4dc2-b6b4-cb3f3c0a2a50','KEOF-0262',NULL,NULL,NULL,NULL),('65eea71f-99d0-48f0-aba0-63aacc0d5cd7','ECQB-9151',NULL,NULL,NULL,NULL),('6bd720bf-3903-406b-a9d3-bc99c814f9aa','JJHN-2712',NULL,NULL,NULL,NULL),('6cf10ed0-a4bd-43ac-b116-4ab0370a8698','UNKA-7304',NULL,NULL,NULL,NULL),('6d502143-e219-4696-a5cc-939a6598c0bb','MMFX-7948',NULL,NULL,NULL,NULL),('6eb857e4-a01f-4204-991d-2f3b0cdda629','YYQL-1345',NULL,NULL,NULL,NULL),('7035404e-a5f0-4abd-aad3-9a0eff20eb29','PBIY-1513',NULL,NULL,NULL,NULL),('71d861f1-17a4-4ce1-a606-27b474af0363','BZIJ-6187',NULL,NULL,NULL,NULL),('71ecfe9f-27a3-41b6-b636-52d3a5f6d678','AEIJ-5112',NULL,NULL,NULL,NULL),('74593ee4-4c6f-4ad4-aa50-7b2810fd4e9d','XRJH-2525',NULL,NULL,NULL,NULL),('7b4119e4-c4ba-4f3f-833b-367cf252337e','UDQJ-4869',NULL,NULL,NULL,NULL),('7cbf0810-4ec4-4ded-81c4-5625c4adf6f2','ORBJ-6793',NULL,NULL,NULL,NULL),('7e90ef87-0420-4b81-9550-39ba045ce23c','PXTS-9199',NULL,NULL,NULL,NULL),('7f307a41-30f3-4c4d-9a1e-aba2c60e0d8d','HBNS-1022',NULL,NULL,NULL,NULL),('815f78fe-e459-4e30-b819-3f0e07cfbf49','DOPE-2165',NULL,NULL,NULL,NULL),('81f8df5b-1225-43b8-a72e-2ee865eaf65a','QEZW-6538',NULL,NULL,NULL,NULL),('828c8fb0-b02c-4a00-84a8-fdeb1f553962','QCZT-1357',NULL,NULL,NULL,NULL),('839b3605-f1c8-4653-b6d2-8fd058bd9fe6','VQNS-3212',NULL,NULL,NULL,NULL),('83fd991f-de6f-4175-b865-7cf9fc2e3450','RWZW-7558',NULL,NULL,NULL,NULL),('85220d29-9b0a-4aed-94e8-43567ae6ec80','NKYO-0521',NULL,NULL,NULL,NULL),('8622f3b4-6e76-4b4d-8fa3-1d98a1de2313','KFEM-6889','NMT',NULL,'thinhnh20@uef.edu.vn','123'),('878e801b-07ec-482e-ba19-0508cf593162','NJJN-6796',NULL,NULL,NULL,NULL),('8bd4b83c-8065-4bc0-853b-6e3b11d24888','MLOR-3652',NULL,NULL,NULL,NULL),('9091e958-53b4-4250-8313-7a819575ff5a','EAKJ-8988',NULL,NULL,NULL,NULL),('92269d67-4417-46ac-8bb1-fe0164f173cb','QHDL-8883',NULL,NULL,NULL,NULL),('92f8d19c-be2b-43b4-8696-5acc22714b92','HXIS-9285',NULL,NULL,NULL,NULL),('96fc815a-e913-4e40-b8a0-f141f78e70e1','QWHO-7873',NULL,NULL,NULL,NULL),('973c49d7-5aa0-4a1d-9a8e-0a8f6d07e2e7','NZJE-0859',NULL,NULL,NULL,NULL),('9752adb4-5487-436a-9f53-7fe0a97e9e17','BWOY-2252',NULL,NULL,NULL,NULL),('9c5a9f33-7246-42ab-a78e-4844e2441021','TZFL-9353',NULL,NULL,NULL,NULL),('9d88b322-ee44-4354-810f-203e83de6b84','JYCC-7391',NULL,NULL,NULL,NULL),('9e505025-b3f7-46ff-86f4-5be1cdc35ca8','JIKH-3996',NULL,NULL,NULL,NULL),('a0382a70-3986-4631-9ada-32b016b531f3','ANKA-0632',NULL,NULL,NULL,NULL),('aabc1f73-9f2b-449d-bf98-f76442a75a82','ADUE-7985',NULL,NULL,NULL,NULL),('ab3c04ea-9ec3-4075-b7a7-2964b97ed550','XMFN-6787',NULL,NULL,NULL,NULL),('abb6acab-0294-4bd3-98cb-ee43e1ce92f9','SZCO-1091',NULL,NULL,NULL,NULL),('ad28893d-e1cf-459a-a1f9-e27e93c113b9','SVXV-6943',NULL,NULL,NULL,NULL),('af7b28b5-9d27-4595-b5b1-d551ce26f003','WJKF-8981',NULL,NULL,NULL,NULL),('b1f67ab4-5309-4b5f-9ab9-8f5bbc90de36','LMPQ-4425',NULL,NULL,NULL,NULL),('bc54da65-a7d1-4f4d-989d-b2c4c12cdd7f','CKJC-1368',NULL,NULL,NULL,NULL),('bebdc3fd-f16b-4f4c-a297-2e13cf3f0599','QUTR-0122',NULL,NULL,NULL,NULL),('bed57641-ec47-443a-80d5-84a9392e40cc','UWEC-2203',NULL,NULL,NULL,NULL),('bf029e40-8bf2-4cd2-a4f2-7b19d90f8e00','EGKN-8844',NULL,NULL,NULL,NULL),('c19be96d-dd1c-4d4d-8f93-8ed9d7316e99','RCRV-3449',NULL,NULL,NULL,NULL),('c19f970a-5ebb-476f-b84f-3b8bc003d171','GPOW-0294',NULL,NULL,NULL,NULL),('c233afe5-c80f-49ce-bb4b-1940386eb95e','SGPF-3290',NULL,NULL,NULL,NULL),('c49c659c-38de-4848-bba9-beda073b37f0','NDOL-7285',NULL,NULL,NULL,NULL),('c5891e97-4e9b-4c36-8ce2-f5ef38d5e14b','PCLR-7019',NULL,NULL,NULL,NULL),('ceec7587-65b5-4c1c-88f8-c5869828c7c3','TACR-8648',NULL,NULL,NULL,NULL),('d2837b2d-5a13-4b74-b6ed-afbca641c290','GVNO-9283',NULL,NULL,NULL,NULL),('d4e3fc1e-f7b4-4212-85d0-f33368c86460','NKDZ-0039',NULL,NULL,NULL,NULL),('d5c37504-3ace-4271-89b6-d70b6dd9ed3a','THSI-8824',NULL,NULL,NULL,NULL),('d735716d-8e7d-4c01-aaf4-25f1770ec4d6','ZVBN-7944',NULL,NULL,NULL,NULL),('db0e6724-2ed0-41fc-9ddd-23d919370a1f','BPWB-9912',NULL,NULL,NULL,NULL),('de7460a3-eaf3-4519-a13d-1ad12f39e714','HITZ-6939',NULL,NULL,NULL,NULL),('df578007-3326-4673-be27-ff423a9f17b8','LKAC-4221',NULL,NULL,NULL,NULL),('dfa3e5e0-156f-411e-b80e-75226ce52563','BELQ-8539',NULL,NULL,NULL,NULL),('e2bd2b12-d400-48b2-b7c0-39dc3686053b','IAYP-7753',NULL,NULL,NULL,NULL),('e3b93af8-69ef-495f-b3b8-58b32d534aff','SFLC-3756',NULL,NULL,NULL,NULL),('e3ed7a72-2ad2-4b04-b9b3-8068f2808f32','ECKA-9843',NULL,NULL,NULL,NULL),('e61656d0-7582-4091-a0db-41b7fde88165','TLYY-8317',NULL,NULL,NULL,NULL),('e640c750-a3ea-4139-9b03-2252f51f5e3d','BEWI-9131',NULL,NULL,NULL,NULL),('e6bd7f2a-2b75-4027-bcc6-3884dbcfbf71','BXCV-5241',NULL,NULL,NULL,NULL),('f0837b91-94a0-48b0-8fa7-4c81eb3c6ee6','LARZ-9106',NULL,NULL,NULL,NULL),('f3e809b7-3f69-4c1a-9786-02f5be60d703','LGQA-9462',NULL,NULL,NULL,NULL),('f685910f-a25d-4963-8761-6b17c4ad5cc9','IHKM-6807',NULL,NULL,NULL,NULL),('f71e330e-387e-4e22-b1d4-22aea8772c8f','LNVJ-9929',NULL,NULL,NULL,NULL),('f987340b-eef8-49b2-96ad-94ab92ced39d','MCGT-1821',NULL,NULL,NULL,NULL),('fb404486-6147-423d-9373-3e0e0715546d','VMXS-6797',NULL,NULL,NULL,NULL),('fed56bf0-88ff-4a82-b666-8e3004944d98','QWRW-5240',NULL,NULL,NULL,NULL);
/*!40000 ALTER TABLE `customer_info` ENABLE KEYS */;
UNLOCK TABLES;

--
-- Table structure for table `exporting_bill`
--

DROP TABLE IF EXISTS `exporting_bill`;
/*!40101 SET @saved_cs_client     = @@character_set_client */;
/*!50503 SET character_set_client = utf8mb4 */;
CREATE TABLE `exporting_bill` (
  `id` varchar(40) NOT NULL,
  `date_Export` date DEFAULT NULL,
  `date_Created` date DEFAULT NULL,
  `total` decimal(10,2) DEFAULT NULL,
  `status` varchar(255) DEFAULT NULL,
  `customer_id` varchar(40) DEFAULT NULL,
  `agency_id` varchar(40) DEFAULT NULL,
  PRIMARY KEY (`id`)
) ENGINE=InnoDB DEFAULT CHARSET=utf8mb4 COLLATE=utf8mb4_0900_ai_ci;
/*!40101 SET character_set_client = @saved_cs_client */;

--
-- Dumping data for table `exporting_bill`
--

LOCK TABLES `exporting_bill` WRITE;
/*!40000 ALTER TABLE `exporting_bill` DISABLE KEYS */;
INSERT INTO `exporting_bill` VALUES ('351c47d7-26df-4e87-80a4-20c6f38f526a',NULL,'2024-01-18',1324969.64,NULL,'c5bf2765-c316-44c9-b7d3-758e38601744',NULL),('88c86135-c13c-426f-ba47-357ef402a20d',NULL,'2024-01-18',569559.00,NULL,'c0b772a3-1e7e-441f-99fa-9c03c6229249',NULL);
/*!40000 ALTER TABLE `exporting_bill` ENABLE KEYS */;
UNLOCK TABLES;

--
-- Table structure for table `exporting_transaction`
--

DROP TABLE IF EXISTS `exporting_transaction`;
/*!40101 SET @saved_cs_client     = @@character_set_client */;
/*!50503 SET character_set_client = utf8mb4 */;
CREATE TABLE `exporting_transaction` (
  `id` varchar(255) NOT NULL,
  `bill_ID` varchar(40) DEFAULT NULL,
  `amount` double DEFAULT NULL,
  `quantity` int DEFAULT NULL,
  `product_ID` varchar(40) DEFAULT NULL,
  PRIMARY KEY (`id`)
) ENGINE=InnoDB DEFAULT CHARSET=utf8mb4 COLLATE=utf8mb4_0900_ai_ci;
/*!40101 SET character_set_client = @saved_cs_client */;

--
-- Dumping data for table `exporting_transaction`
--

LOCK TABLES `exporting_transaction` WRITE;
/*!40000 ALTER TABLE `exporting_transaction` DISABLE KEYS */;
INSERT INTO `exporting_transaction` VALUES ('264af30e-891b-47d7-b7c3-1be6ebb62aff','88c86135-c13c-426f-ba47-357ef402a20d',569559,2,'068916b6-0af6-4488-bb9b-f898b64b3551'),('3590c7f6-401e-4e9d-a614-851635db76ad','351c47d7-26df-4e87-80a4-20c6f38f526a',694730,2,'06772a68-f632-4d4a-b307-5656cd6d51b3'),('6dba0027-c378-453c-8f4d-2e9e8aca0c6e','351c47d7-26df-4e87-80a4-20c6f38f526a',284779,1,'068916b6-0af6-4488-bb9b-f898b64b3551'),('c69ff3fc-a75e-4353-aeb4-add310cbc2bf','351c47d7-26df-4e87-80a4-20c6f38f526a',345459,2,'06f0c080-9496-422c-84ee-2a5414a585c9');
/*!40000 ALTER TABLE `exporting_transaction` ENABLE KEYS */;
UNLOCK TABLES;

--
-- Table structure for table `importing_bill`
--

DROP TABLE IF EXISTS `importing_bill`;
/*!40101 SET @saved_cs_client     = @@character_set_client */;
/*!50503 SET character_set_client = utf8mb4 */;
CREATE TABLE `importing_bill` (
  `id` varchar(255) NOT NULL,
  `agency_id` varchar(40) DEFAULT NULL,
  `customer_Id` varchar(40) DEFAULT NULL,
  `total` double DEFAULT NULL,
  `status` varchar(50) DEFAULT NULL,
  `date_Import` date DEFAULT NULL,
  `date_Created` date DEFAULT NULL,
  PRIMARY KEY (`id`)
) ENGINE=InnoDB DEFAULT CHARSET=utf8mb4 COLLATE=utf8mb4_0900_ai_ci;
/*!40101 SET character_set_client = @saved_cs_client */;

--
-- Dumping data for table `importing_bill`
--

LOCK TABLES `importing_bill` WRITE;
/*!40000 ALTER TABLE `importing_bill` DISABLE KEYS */;
/*!40000 ALTER TABLE `importing_bill` ENABLE KEYS */;
UNLOCK TABLES;

--
-- Table structure for table `importing_transaction`
--

DROP TABLE IF EXISTS `importing_transaction`;
/*!40101 SET @saved_cs_client     = @@character_set_client */;
/*!50503 SET character_set_client = utf8mb4 */;
CREATE TABLE `importing_transaction` (
  `id` varchar(40) NOT NULL,
  `importing_Bil_lID` varchar(40) DEFAULT NULL,
  `merchandise_ID` varchar(40) DEFAULT NULL,
  `quality` float DEFAULT NULL,
  `amount` double DEFAULT NULL,
  PRIMARY KEY (`id`)
) ENGINE=InnoDB DEFAULT CHARSET=utf8mb4 COLLATE=utf8mb4_0900_ai_ci;
/*!40101 SET character_set_client = @saved_cs_client */;

--
-- Dumping data for table `importing_transaction`
--

LOCK TABLES `importing_transaction` WRITE;
/*!40000 ALTER TABLE `importing_transaction` DISABLE KEYS */;
/*!40000 ALTER TABLE `importing_transaction` ENABLE KEYS */;
UNLOCK TABLES;

--
-- Table structure for table `invetory_product`
--

DROP TABLE IF EXISTS `invetory_product`;
/*!40101 SET @saved_cs_client     = @@character_set_client */;
/*!50503 SET character_set_client = utf8mb4 */;
CREATE TABLE `invetory_product` (
  `id` varchar(40) NOT NULL,
  `name` varchar(255) DEFAULT NULL,
  `update_date` date DEFAULT NULL,
  `quality` float DEFAULT NULL,
  PRIMARY KEY (`id`)
) ENGINE=InnoDB DEFAULT CHARSET=utf8mb4 COLLATE=utf8mb4_0900_ai_ci;
/*!40101 SET character_set_client = @saved_cs_client */;

--
-- Dumping data for table `invetory_product`
--

LOCK TABLES `invetory_product` WRITE;
/*!40000 ALTER TABLE `invetory_product` DISABLE KEYS */;
/*!40000 ALTER TABLE `invetory_product` ENABLE KEYS */;
UNLOCK TABLES;

--
-- Table structure for table `merchandise`
--

DROP TABLE IF EXISTS `merchandise`;
/*!40101 SET @saved_cs_client     = @@character_set_client */;
/*!50503 SET character_set_client = utf8mb4 */;
CREATE TABLE `merchandise` (
  `id` varchar(40) NOT NULL,
  `company_id` varchar(40) DEFAULT NULL,
  `Code` varchar(40) DEFAULT NULL,
  `name` varchar(255) DEFAULT NULL,
  `price` decimal(10,2) DEFAULT NULL,
  `image` varchar(255) DEFAULT NULL,
  `type_merchandise` varchar(255) DEFAULT NULL,
  `disable` tinyint(1) DEFAULT NULL,
  PRIMARY KEY (`id`)
) ENGINE=InnoDB DEFAULT CHARSET=utf8mb4 COLLATE=utf8mb4_0900_ai_ci;
/*!40101 SET character_set_client = @saved_cs_client */;

--
-- Dumping data for table `merchandise`
--

LOCK TABLES `merchandise` WRITE;
/*!40000 ALTER TABLE `merchandise` DISABLE KEYS */;
/*!40000 ALTER TABLE `merchandise` ENABLE KEYS */;
UNLOCK TABLES;

--
-- Table structure for table `monthly_merchandise_warehouse`
--

DROP TABLE IF EXISTS `monthly_merchandise_warehouse`;
/*!40101 SET @saved_cs_client     = @@character_set_client */;
/*!50503 SET character_set_client = utf8mb4 */;
CREATE TABLE `monthly_merchandise_warehouse` (
  `id` varchar(40) NOT NULL,
  `agency_id` varchar(40) DEFAULT NULL,
  `merchandise_id` varchar(40) NOT NULL,
  `quanlity` float DEFAULT NULL,
  `total` double DEFAULT NULL,
  PRIMARY KEY (`id`)
) ENGINE=InnoDB DEFAULT CHARSET=utf8mb4 COLLATE=utf8mb4_0900_ai_ci;
/*!40101 SET character_set_client = @saved_cs_client */;

--
-- Dumping data for table `monthly_merchandise_warehouse`
--

LOCK TABLES `monthly_merchandise_warehouse` WRITE;
/*!40000 ALTER TABLE `monthly_merchandise_warehouse` DISABLE KEYS */;
/*!40000 ALTER TABLE `monthly_merchandise_warehouse` ENABLE KEYS */;
UNLOCK TABLES;

--
-- Table structure for table `monthly_product_warehouse`
--

DROP TABLE IF EXISTS `monthly_product_warehouse`;
/*!40101 SET @saved_cs_client     = @@character_set_client */;
/*!50503 SET character_set_client = utf8mb4 */;
CREATE TABLE `monthly_product_warehouse` (
  `id` varchar(40) NOT NULL,
  `food_ID` varchar(40) DEFAULT NULL,
  `date_created` date DEFAULT NULL,
  `quality` int DEFAULT NULL,
  `amount` float DEFAULT NULL,
  PRIMARY KEY (`id`)
) ENGINE=InnoDB DEFAULT CHARSET=utf8mb4 COLLATE=utf8mb4_0900_ai_ci;
/*!40101 SET character_set_client = @saved_cs_client */;

--
-- Dumping data for table `monthly_product_warehouse`
--

LOCK TABLES `monthly_product_warehouse` WRITE;
/*!40000 ALTER TABLE `monthly_product_warehouse` DISABLE KEYS */;
/*!40000 ALTER TABLE `monthly_product_warehouse` ENABLE KEYS */;
UNLOCK TABLES;

--
-- Table structure for table `option`
--

DROP TABLE IF EXISTS `option`;
/*!40101 SET @saved_cs_client     = @@character_set_client */;
/*!50503 SET character_set_client = utf8mb4 */;
CREATE TABLE `option` (
  `id` varchar(100) NOT NULL,
  `name` varchar(45) DEFAULT NULL,
  `type` varchar(45) DEFAULT NULL,
  `created_date` datetime DEFAULT NULL,
  `created_update` varchar(45) DEFAULT NULL,
  PRIMARY KEY (`id`)
) ENGINE=InnoDB DEFAULT CHARSET=utf8mb4 COLLATE=utf8mb4_0900_ai_ci;
/*!40101 SET character_set_client = @saved_cs_client */;

--
-- Dumping data for table `option`
--

LOCK TABLES `option` WRITE;
/*!40000 ALTER TABLE `option` DISABLE KEYS */;
INSERT INTO `option` VALUES ('1','xl','SIZE',NULL,NULL),('2','red','COLOR',NULL,NULL);
/*!40000 ALTER TABLE `option` ENABLE KEYS */;
UNLOCK TABLES;

--
-- Table structure for table `product`
--

DROP TABLE IF EXISTS `product`;
/*!40101 SET @saved_cs_client     = @@character_set_client */;
/*!50503 SET character_set_client = utf8mb4 */;
CREATE TABLE `product` (
  `id` varchar(40) NOT NULL,
  `Code` varchar(40) DEFAULT NULL,
  `name` varchar(255) DEFAULT NULL,
  `price` decimal(10,2) DEFAULT NULL,
  `status` varchar(255) DEFAULT NULL,
  `image` varchar(255) DEFAULT NULL,
  `description` text,
  `specification` text,
  `category_id` varchar(40) DEFAULT NULL,
  `company_id` varchar(40) DEFAULT NULL,
  PRIMARY KEY (`id`)
) ENGINE=InnoDB DEFAULT CHARSET=utf8mb4 COLLATE=utf8mb4_0900_ai_ci;
/*!40101 SET character_set_client = @saved_cs_client */;

--
-- Dumping data for table `product`
--

LOCK TABLES `product` WRITE;
/*!40000 ALTER TABLE `product` DISABLE KEYS */;
INSERT INTO `product` VALUES ('047114c7-87cf-479d-963a-bc4976289539','Product11','DC X BR LEATHER BIKER JACKET11',263894.82,NULL,'assets/food_2.jpg','Nhp khu t Canada','NORMAL',NULL,'CO000'),('06772a68-f632-4d4a-b307-5656cd6d51b3','Product91','DC X BR LEATHER BOMBER JACKET91',347365.48,NULL,'assets/food_7.jpg','Nhp khu t USA','NORMAL',NULL,'CO003'),('068916b6-0af6-4488-bb9b-f898b64b3551','Product47','DC X BR LEATHER BIKER JACKET47',284779.50,NULL,'assets/food_4.jpg','Nhp khu t USA','NORMAL',NULL,'CO001'),('06f0c080-9496-422c-84ee-2a5414a585c9','Product11','DC X BR LEATHER BIKER JACKET11',172729.59,NULL,'assets/food_1.jpg','Nhp khu t USA','NORMAL',NULL,'CO002'),('09b329e2-66f4-4edf-938a-b54b397b8ed5','Product54','DC X BR MATE T-SHIRT - CREAM54',405366.79,NULL,'assets/food_9.jpg','Nhp khu Vit Nam','NORMAL',NULL,'CO002'),('09ccdc15-7893-4c90-87a5-cb54ab274ca6','Product10','DC X BR LEATHER BIKER JACKET10',476629.21,NULL,'assets/food_2.jpg','Nhp khu t Canada','NORMAL',NULL,'CO002'),('0a18376a-2f72-4f4d-98b3-1e0cd33ccc33','Product49','DC X BR LEATHER BIKER JACKET49',389119.45,NULL,'assets/food_7.jpg','Nhp khu Vit Nam','NORMAL',NULL,'CO000'),('0dc068e8-3a65-42eb-87c3-f15e169c71f5','Product42','DC X BR LEATHER BOMBER JACKET42',149913.65,NULL,'assets/food_7.jpg','Nhp khu Vit Nam','NORMAL',NULL,'CO001'),('0f89d152-ba44-4d71-ac33-3bf217a433ad','Product81','DC X BR LEATHER BOMBER JACKET81',636496.20,NULL,'assets/food_6.jpg','Nhp khu Vit Nam','NORMAL',NULL,'CO001'),('1190b611-283c-460e-bdd9-e2c0b64e2f0d','Product94','DC X BR MATE T-SHIRT - CREAM94',591890.27,NULL,'assets/food_1.jpg','Nhp khu Vit Nam','NORMAL',NULL,'CO004'),('138c1d8c-0ba3-416d-98df-10b7a396e7b0','Product15','DC X BR LEATHER BIKER JACKET15',371436.93,NULL,'assets/food_5.jpg','Nhp khu Vit Nam','NORMAL',NULL,'CO004'),('141d6a29-b74d-4fe8-8acb-d298c44457df','Product48','DC X BR FELT VARSITY JACKET48',336551.61,NULL,'assets/food_9.jpg','Nhp khu Vit Nam','NORMAL',NULL,'CO003'),('15053286-eb25-44e5-b10e-106c4e3e86e8','Product23','DC X BR FELT VARSITY JACKET23',314009.70,NULL,'assets/food_8.jpg','Nhp khu Vit Nam','NORMAL',NULL,'CO002'),('15388559-49bc-4000-bf37-b216b67c0828','Product63','DC X BR LEATHER BIKER JACKET63',190270.70,NULL,'assets/food_3.jpg','Nhp khu t USA','NORMAL',NULL,'CO003'),('1539cd69-eb4f-4e34-abd3-82284f7df4fd','Product9','DC X BR LEATHER BIKER JACKET9',353425.00,NULL,'assets/food_6.jpg','Nhp khu t USA','NORMAL',NULL,'CO003'),('157eb1bf-0b6a-46be-b035-f6b8c27967ad','Product53','DC X BR LEATHER BIKER JACKET53',676401.07,NULL,'assets/food_1.jpg','Nhp khu Vit Nam','NORMAL',NULL,'CO000'),('16e57705-808c-4287-8e58-660e503d8a7c','Product79','DC X BR LEATHER BOMBER JACKET79',612799.75,NULL,'assets/food_5.jpg','Nhp khu Vit Nam','NORMAL',NULL,'CO001'),('184d6c5a-86b2-4e0c-bf2b-83d48776bf78','Product93','DC X BR LEATHER BOMBER JACKET93',236638.73,NULL,'assets/food_2.jpg','Nhp khu t USA','NORMAL',NULL,'CO004'),('18612e9e-5b73-4b41-90a1-a7f97e0b1a7b','Product0','DC X BR LEATHER BIKER JACKET0',333396.89,NULL,'assets/food_6.jpg','Nhp khu t USA','NORMAL',NULL,'CO000'),('18964b52-0aa8-4b25-843d-cb17b1ddc1fe','Product83','DC X BR LEATHER BIKER JACKET83',457647.42,NULL,'assets/food_8.jpg','Nhp khu Vit Nam','NORMAL',NULL,'CO001'),('1b6083a0-7ef5-45e6-abdb-fa380ee5c14f','Product32','DC X BR LEATHER BIKER JACKET32',300468.70,NULL,'assets/food_4.jpg','Nhp khu t Canada','NORMAL',NULL,'CO002'),('1d9bc2ac-373a-4660-8eb9-3caadd39b3aa','Product40','DC X BR LEATHER BOMBER JACKET40',497824.60,NULL,'assets/food_5.jpg','Nhp khu t Canada','NORMAL',NULL,'CO004'),('1e149f41-d9b1-44dc-8202-b7da6d8a6733','Product19','DC X BR MATE T-SHIRT - CREAM19',294359.88,NULL,'assets/food_4.jpg','Nhp khu t Canada','NORMAL',NULL,'CO000'),('1e426bbb-6c55-4487-b8d4-63a7591fcc07','Product82','DC X BR LEATHER BOMBER JACKET82',337844.59,NULL,'assets/food_1.jpg','Nhp khu Vit Nam','NORMAL',NULL,'CO003'),('203a92d1-636d-429d-8a88-0e1662a9bc6c','Product48','DC X BR MATE T-SHIRT - CREAM48',560046.59,NULL,'assets/food_9.jpg','Nhp khu t USA','NORMAL',NULL,'CO004'),('2511a553-d1df-417f-bb05-1801c09e1f92','Product86','DC X BR LEATHER BOMBER JACKET86',198777.02,NULL,'assets/food_1.jpg','Nhp khu Vit Nam','NORMAL',NULL,'CO001'),('26ae6e23-3ce8-4ac6-a59d-0f06c5b3987b','Product87','DC X BR LEATHER BOMBER JACKET87',340240.96,NULL,'assets/food_6.jpg','Nhp khu t USA','NORMAL',NULL,'CO000'),('26c458b8-8352-4e46-b765-8f0dc5b388c7','Product64','DC X BR FELT VARSITY JACKET64',173772.41,NULL,'assets/food_7.jpg','Nhp khu t USA','NORMAL',NULL,'CO004'),('2801e269-9448-476c-92c4-0e5dc211ab8d','Product14','DC X BR MATE T-SHIRT - CREAM14',250797.98,NULL,'assets/food_0.jpg','Nhp khu Vit Nam','NORMAL',NULL,'CO000'),('28c13c5e-7251-4415-bf59-c2c3a66417d2','Product16','DC X BR MATE T-SHIRT - CREAM16',363386.39,NULL,'assets/food_4.jpg','Nhp khu t USA','NORMAL',NULL,'CO001'),('2b079150-68a9-4dd2-ae6e-e938cda1de67','Product98','DC X BR FELT VARSITY JACKET98',173467.99,NULL,'assets/food_3.jpg','Nhp khu Vit Nam','NORMAL',NULL,'CO000'),('2c6c5cba-249b-4057-b283-3580132912ba','Product54','DC X BR FELT VARSITY JACKET54',123736.31,NULL,'assets/food_6.jpg','Nhp khu t Canada','NORMAL',NULL,'CO003'),('2d812b19-24cf-4df0-9c3f-75b08391643a','Product10','DC X BR LEATHER BOMBER JACKET10',689813.97,NULL,'assets/food_7.jpg','Nhp khu t USA','NORMAL',NULL,'CO001'),('2dc579f0-e5e5-430b-9016-312cc41e7339','Product45','DC X BR FELT VARSITY JACKET45',457358.96,NULL,'assets/food_3.jpg','Nhp khu Vit Nam','NORMAL',NULL,'CO004'),('2dd911c7-c6f9-4db4-accc-426f91306ed0','Product50','DC X BR LEATHER BIKER JACKET50',591621.69,NULL,'assets/food_0.jpg','Nhp khu Vit Nam','NORMAL',NULL,'CO001'),('2f40c138-08a5-4702-9234-ba2350b2c4e5','Product29','DC X BR FELT VARSITY JACKET29',218609.70,NULL,'assets/food_3.jpg','Nhp khu t Canada','NORMAL',NULL,'CO003'),('2ff78336-9f31-4d7b-96f3-7d98b6de34e1','Product5','DC X BR MATE T-SHIRT - CREAM5',623556.12,NULL,'assets/food_4.jpg','Nhp khu Vit Nam','NORMAL',NULL,'CO001'),('31fdfcab-5ca9-44e3-aa4b-a9685d76aa99','Product18','DC X BR LEATHER BIKER JACKET18',414400.09,NULL,'assets/food_6.jpg','Nhp khu t Canada','NORMAL',NULL,'CO001'),('3249425b-ecfa-4d19-ae99-906ebcd4f0fb','Product45','DC X BR MATE T-SHIRT - CREAM45',137321.91,NULL,'assets/food_7.jpg','Nhp khu t USA','NORMAL',NULL,'CO002'),('326a2fcc-3e9b-456f-b23d-6609b32b6780','Product32','DC X BR LEATHER BIKER JACKET32',640645.42,NULL,'assets/food_1.jpg','Nhp khu t Canada','NORMAL',NULL,'CO001'),('360d858b-1787-45dc-beab-c13f1bc0d968','Product18','DC X BR FELT VARSITY JACKET18',182329.49,NULL,'assets/food_6.jpg','Nhp khu t Canada','NORMAL',NULL,'CO004'),('367e4cab-ab77-47e3-8b14-ff3254fbe1fc','Product92','DC X BR LEATHER BIKER JACKET92',385222.92,NULL,'assets/food_1.jpg','Nhp khu Vit Nam','NORMAL',NULL,'CO003'),('39e3e807-9738-4a99-ac45-c1cb8bcd7a1f','Product82','DC X BR MATE T-SHIRT - CREAM82',638305.23,NULL,'assets/food_6.jpg','Nhp khu t Canada','NORMAL',NULL,'CO004'),('3a351bfc-bbd1-422a-8111-5e94a91d1c13','Product43','DC X BR FELT VARSITY JACKET43',171648.75,NULL,'assets/food_5.jpg','Nhp khu t Canada','NORMAL',NULL,'CO003'),('3b525c25-e9af-4331-b9e9-b2b3dd770184','Product25','DC X BR FELT VARSITY JACKET25',261417.81,NULL,'assets/food_0.jpg','Nhp khu t USA','NORMAL',NULL,'CO004'),('3d1d91e2-0c75-4fbc-b32b-7d39112b650f','Product41','DC X BR MATE T-SHIRT - CREAM41',339957.56,NULL,'assets/food_3.jpg','Nhp khu t Canada','NORMAL',NULL,'CO004'),('40263da5-c7b3-423c-aa79-988fbf6667d7','Product95','DC X BR LEATHER BOMBER JACKET95',424822.66,NULL,'assets/food_1.jpg','Nhp khu t Canada','NORMAL',NULL,'CO001'),('43fda3d2-ab46-4978-84e3-de34a4046827','Product51','DC X BR LEATHER BIKER JACKET51',409006.74,NULL,'assets/food_0.jpg','Nhp khu t Canada','NORMAL',NULL,'CO002'),('44a4e1c9-d911-4d07-82b2-6d0fec479434','Product79','DC X BR LEATHER BIKER JACKET79',100900.86,NULL,'assets/food_0.jpg','Nhp khu t USA','NORMAL',NULL,'CO002'),('44ec511a-17c5-406a-ac47-8b33379a9258','Product85','DC X BR LEATHER BOMBER JACKET85',267871.84,NULL,'assets/food_9.jpg','Nhp khu Vit Nam','NORMAL',NULL,'CO003'),('4592eae7-9a06-47a3-ac75-646fb428a948','Product31','DC X BR MATE T-SHIRT - CREAM31',244499.38,NULL,'assets/food_4.jpg','Nhp khu t USA','NORMAL',NULL,'CO001'),('465c689c-9e54-4fb1-82a2-7b34eedcdde1','Product59','DC X BR FELT VARSITY JACKET59',512027.99,NULL,'assets/food_9.jpg','Nhp khu t Canada','NORMAL',NULL,'CO004'),('46988ecc-e0d5-429f-9cfb-290a15d9529b','Product23','DC X BR LEATHER BIKER JACKET23',330633.15,NULL,'assets/food_4.jpg','Nhp khu t USA','NORMAL',NULL,'CO000'),('485631c3-0458-40c3-a271-5ff2e2ea5c63','Product94','DC X BR LEATHER BIKER JACKET94',138138.64,NULL,'assets/food_3.jpg','Nhp khu Vit Nam','NORMAL',NULL,'CO004'),('4862e37c-9732-41ab-b777-575b43493dcc','Product68','DC X BR MATE T-SHIRT - CREAM68',291707.62,NULL,'assets/food_4.jpg','Nhp khu t USA','NORMAL',NULL,'CO000'),('49c4ff73-4aa0-454c-8ab3-fa2671930c3b','Product19','DC X BR LEATHER BIKER JACKET19',491429.12,NULL,'assets/food_5.jpg','Nhp khu t USA','NORMAL',NULL,'CO002'),('4c222e5f-edd7-4fe2-a95b-7b3675f51876','Product70','DC X BR MATE T-SHIRT - CREAM70',104518.39,NULL,'assets/food_1.jpg','Nhp khu t Canada','NORMAL',NULL,'CO002'),('4c73ed49-18c8-447e-875d-240087706995','Product12','DC X BR LEATHER BOMBER JACKET12',278853.26,NULL,'assets/food_8.jpg','Nhp khu Vit Nam','NORMAL',NULL,'CO004'),('4df7a6f6-a260-4c28-a271-b72c25e03e86','Product31','DC X BR MATE T-SHIRT - CREAM31',565907.26,NULL,'assets/food_3.jpg','Nhp khu Vit Nam','NORMAL',NULL,'CO004'),('4e3d4fda-24f2-4a9c-8c8f-bc1ae31a93cd','Product89','DC X BR MATE T-SHIRT - CREAM89',418666.78,NULL,'assets/food_8.jpg','Nhp khu t Canada','NORMAL',NULL,'CO002'),('4e7236cf-2e16-4382-aabb-0e22ade77bd3','Product61','DC X BR FELT VARSITY JACKET61',632016.23,NULL,'assets/food_8.jpg','Nhp khu t USA','NORMAL',NULL,'CO002'),('5026139f-e0ea-4e5f-9906-ffc3e1887627','Product38','DC X BR LEATHER BOMBER JACKET38',138377.38,NULL,'assets/food_9.jpg','Nhp khu Vit Nam','NORMAL',NULL,'CO003'),('506756ab-2813-4e82-a09c-8242628b58e5','Product50','DC X BR MATE T-SHIRT - CREAM50',447266.73,NULL,'assets/food_5.jpg','Nhp khu t Canada','NORMAL',NULL,'CO002'),('51aca983-2bad-4466-ab59-c2673fcd2997','Product99','DC X BR LEATHER BOMBER JACKET99',420070.50,NULL,'assets/food_0.jpg','Nhp khu t Canada','NORMAL',NULL,'CO002'),('51b975d8-afa5-4211-a8b0-fe6fa9f19601','Product53','DC X BR LEATHER BOMBER JACKET53',581847.43,NULL,'assets/food_6.jpg','Nhp khu t Canada','NORMAL',NULL,'CO000'),('52932fec-5920-4ae0-bf02-a4d6a685819e','Product8','DC X BR MATE T-SHIRT - CREAM8',586036.11,NULL,'assets/food_5.jpg','Nhp khu t USA','NORMAL',NULL,'CO003'),('53a1a95a-a349-4f22-960c-eaac496aa30b','Product69','DC X BR LEATHER BIKER JACKET69',569148.16,NULL,'assets/food_4.jpg','Nhp khu t USA','NORMAL',NULL,'CO003'),('54adc3b9-54f5-46f1-9c70-569faea8b328','Product86','DC X BR MATE T-SHIRT - CREAM86',361095.19,NULL,'assets/food_1.jpg','Nhp khu t Canada','NORMAL',NULL,'CO001'),('5802cc26-ed98-4460-befb-f53598f18e1a','Product62','DC X BR LEATHER BIKER JACKET62',184278.30,NULL,'assets/food_0.jpg','Nhp khu Vit Nam','NORMAL',NULL,'CO000'),('59da73c1-2d0c-4979-b336-05f5af0ebbaa','Product39','DC X BR LEATHER BOMBER JACKET39',387320.70,NULL,'assets/food_8.jpg','Nhp khu t USA','NORMAL',NULL,'CO002'),('5b7bf803-e672-46dd-8e91-bea8179ac999','Product8','DC X BR MATE T-SHIRT - CREAM8',698736.50,NULL,'assets/food_1.jpg','Nhp khu t Canada','NORMAL',NULL,'CO001'),('5e1254a1-8f7a-4efa-bd50-a44ef00ebcfb','Product3','DC X BR MATE T-SHIRT - CREAM3',596917.98,NULL,'assets/food_9.jpg','Nhp khu t USA','NORMAL',NULL,'CO003'),('5e91dd0f-0c69-496b-9eaf-3b7707fcfdca','Product57','DC X BR LEATHER BIKER JACKET57',102143.76,NULL,'assets/food_2.jpg','Nhp khu t USA','NORMAL',NULL,'CO003'),('5f08d9f1-0c02-42ca-ad9e-40d87f647316','Product71','DC X BR FELT VARSITY JACKET71',119439.95,NULL,'assets/food_2.jpg','Nhp khu Vit Nam','NORMAL',NULL,'CO003'),('62e9a4cb-de8a-43b1-82dc-9ccd97f90e6c','Product73','DC X BR FELT VARSITY JACKET73',387701.26,NULL,'assets/food_2.jpg','Nhp khu Vit Nam','NORMAL',NULL,'CO004'),('65a18cb9-161d-48be-b081-fdd3c25e908e','Product90','DC X BR MATE T-SHIRT - CREAM90',116314.13,NULL,'assets/food_5.jpg','Nhp khu t Canada','NORMAL',NULL,'CO003'),('66cb8b2e-a34b-4130-98e9-260bddd8b665','Product95','DC X BR LEATHER BOMBER JACKET95',210206.18,NULL,'assets/food_4.jpg','Nhp khu t Canada','NORMAL',NULL,'CO002'),('69261eb1-7a9a-47db-b558-49877d474b9b','Product20','DC X BR LEATHER BIKER JACKET20',538386.66,NULL,'assets/food_3.jpg','Nhp khu t USA','NORMAL',NULL,'CO001'),('695d722e-4210-4cae-a840-670cc9d4db38','Product83','DC X BR FELT VARSITY JACKET83',397745.94,NULL,'assets/food_7.jpg','Nhp khu t USA','NORMAL',NULL,'CO002'),('6a510471-167d-4369-9dc9-fd0a8c717418','Product3','DC X BR FELT VARSITY JACKET3',677944.91,NULL,'assets/food_4.jpg','Nhp khu Vit Nam','NORMAL',NULL,'CO001'),('6e2a6135-47e2-46b1-b6ee-052c2a34dcbe','Product76','DC X BR LEATHER BIKER JACKET76',117456.54,NULL,'assets/food_3.jpg','Nhp khu t Canada','NORMAL',NULL,'CO003'),('7014463b-0c9b-44a6-bc32-8acfc6a8344c','Product6','DC X BR MATE T-SHIRT - CREAM6',135152.67,NULL,'assets/food_5.jpg','Nhp khu Vit Nam','NORMAL',NULL,'CO001'),('704e2af9-70ef-48f4-b16a-1a7591e3a42a','Product55','DC X BR FELT VARSITY JACKET55',443481.82,NULL,'assets/food_6.jpg','Nhp khu t Canada','NORMAL',NULL,'CO000'),('7086848e-df35-41a7-9f43-bffc55d7a113','Product58','DC X BR LEATHER BOMBER JACKET58',650461.72,NULL,'assets/food_7.jpg','Nhp khu t USA','NORMAL',NULL,'CO002'),('7427e0fe-ba49-4dd9-a82d-108ba8e56762','Product96','DC X BR LEATHER BIKER JACKET96',535970.69,NULL,'assets/food_1.jpg','Nhp khu t Canada','NORMAL',NULL,'CO003'),('76696854-7f7c-4ed9-950e-40d5462fd73e','Product55','DC X BR MATE T-SHIRT - CREAM55',314687.19,NULL,'assets/food_7.jpg','Nhp khu t Canada','NORMAL',NULL,'CO001'),('7689f1fa-8749-4a4c-9a63-f1689b8efc1c','Product92','DC X BR LEATHER BOMBER JACKET92',253812.43,NULL,'assets/food_5.jpg','Nhp khu t USA','NORMAL',NULL,'CO003'),('7a9451bb-d717-459e-be90-e8d09adccad3','Product77','DC X BR MATE T-SHIRT - CREAM77',336573.91,NULL,'assets/food_6.jpg','Nhp khu t USA','NORMAL',NULL,'CO004'),('7afaf60b-7a35-44c0-b980-26ad87968877','Product40','DC X BR FELT VARSITY JACKET40',553792.61,NULL,'assets/food_1.jpg','Nhp khu t Canada','NORMAL',NULL,'CO004'),('7bb1774e-5b65-4aba-bbdb-b5146d7a5167','Product91','DC X BR LEATHER BOMBER JACKET91',387708.43,NULL,'assets/food_1.jpg','Nhp khu Vit Nam','NORMAL',NULL,'CO002'),('7d36d46b-dc87-4e42-ac59-6061f1eafbae','Product28','DC X BR MATE T-SHIRT - CREAM28',492320.86,NULL,'assets/food_7.jpg','Nhp khu Vit Nam','NORMAL',NULL,'CO001'),('7d903eca-2c75-4841-af80-b3e9d363d771','Product59','DC X BR LEATHER BOMBER JACKET59',291982.32,NULL,'assets/food_9.jpg','Nhp khu t USA','NORMAL',NULL,'CO001'),('7e6216d3-3aee-44ac-8dbc-08bf15b2dafb','Product20','DC X BR FELT VARSITY JACKET20',267354.98,NULL,'assets/food_1.jpg','Nhp khu t Canada','NORMAL',NULL,'CO000'),('806af13e-f160-4935-8343-086196aa0329','Product72','DC X BR MATE T-SHIRT - CREAM72',188649.35,NULL,'assets/food_8.jpg','Nhp khu t Canada','NORMAL',NULL,'CO002'),('807fd7c6-503b-4a9c-adb1-376931652872','Product43','DC X BR LEATHER BOMBER JACKET43',353707.34,NULL,'assets/food_2.jpg','Nhp khu Vit Nam','NORMAL',NULL,'CO001'),('829a0eec-8c5d-4f0b-a05b-f7a14bac96a1','Product96','DC X BR LEATHER BOMBER JACKET96',238148.90,NULL,'assets/food_8.jpg','Nhp khu Vit Nam','NORMAL',NULL,'CO000'),('85068967-31d2-4fbf-964d-43a4762f638a','Product9','DC X BR LEATHER BOMBER JACKET9',641920.31,NULL,'assets/food_1.jpg','Nhp khu t Canada','NORMAL',NULL,'CO001'),('85d620f8-fd26-4831-b6a6-a69546f960c5','Product33','DC X BR FELT VARSITY JACKET33',653585.06,NULL,'assets/food_5.jpg','Nhp khu t Canada','NORMAL',NULL,'CO004'),('871113a2-f845-49e9-a79f-496c622070d2','Product80','DC X BR MATE T-SHIRT - CREAM80',184147.24,NULL,'assets/food_9.jpg','Nhp khu t USA','NORMAL',NULL,'CO001'),('875d52c3-3ce5-4e06-8c6d-4162a863b718','Product88','DC X BR MATE T-SHIRT - CREAM88',653528.77,NULL,'assets/food_0.jpg','Nhp khu t Canada','NORMAL',NULL,'CO000'),('8a38efb2-cb13-470d-8388-6114114e3b44','Product36','DC X BR MATE T-SHIRT - CREAM36',364675.51,NULL,'assets/food_4.jpg','Nhp khu t Canada','NORMAL',NULL,'CO000'),('8aff4e77-7439-4bdd-9d88-e1c1a0a61b0a','Product25','DC X BR FELT VARSITY JACKET25',677430.77,NULL,'assets/food_4.jpg','Nhp khu Vit Nam','NORMAL',NULL,'CO000'),('8b4cbcb4-75ef-477b-91ba-84f62d41e8f1','Product42','DC X BR MATE T-SHIRT - CREAM42',371763.14,NULL,'assets/food_9.jpg','Nhp khu t Canada','NORMAL',NULL,'CO003'),('8c1b1a99-8276-4be6-98b2-0ae1778d17e1','Product52','DC X BR LEATHER BOMBER JACKET52',339507.15,NULL,'assets/food_8.jpg','Nhp khu Vit Nam','NORMAL',NULL,'CO004'),('8c6960d8-a631-4fcc-81a8-4e8ab18d0651','Product90','DC X BR LEATHER BOMBER JACKET90',327128.37,NULL,'assets/food_9.jpg','Nhp khu Vit Nam','NORMAL',NULL,'CO004'),('8d075168-0c6c-4c33-ad20-83ee1c4cc44d','Product51','DC X BR LEATHER BIKER JACKET51',598224.70,NULL,'assets/food_2.jpg','Nhp khu t USA','NORMAL',NULL,'CO003'),('8d1189cf-4ad9-475a-a044-d3b296c41bfa','Product66','DC X BR FELT VARSITY JACKET66',407752.81,NULL,'assets/food_6.jpg','Nhp khu Vit Nam','NORMAL',NULL,'CO003'),('8df10195-e2d9-43b9-aec8-f3a9a36fa68a','Product26','DC X BR FELT VARSITY JACKET26',465432.05,NULL,'assets/food_2.jpg','Nhp khu Vit Nam','NORMAL',NULL,'CO001'),('8f43ba09-d028-4612-b027-d99d2fa201a2','Product74','DC X BR LEATHER BOMBER JACKET74',561719.78,NULL,'assets/food_0.jpg','Nhp khu t Canada','NORMAL',NULL,'CO003'),('9092f1d5-84e3-48b8-bcc3-dc54f2067494','Product24','DC X BR LEATHER BOMBER JACKET24',426377.49,NULL,'assets/food_3.jpg','Nhp khu t Canada','NORMAL',NULL,'CO000'),('90c7bc00-9ffb-451f-9f5c-0bde0f241269','Product13','DC X BR FELT VARSITY JACKET13',373923.13,NULL,'assets/food_5.jpg','Nhp khu t Canada','NORMAL',NULL,'CO002'),('93963018-cc00-4fbb-a2ff-9206232de53e','Product75','DC X BR MATE T-SHIRT - CREAM75',690670.20,NULL,'assets/food_6.jpg','Nhp khu t USA','NORMAL',NULL,'CO004'),('9462da26-2983-490c-b252-e8c9ab0d9629','Product39','DC X BR MATE T-SHIRT - CREAM39',148654.00,NULL,'assets/food_3.jpg','Nhp khu t USA','NORMAL',NULL,'CO003'),('95e7a9bc-60e6-49cf-9aeb-f622aa34e287','Product73','DC X BR LEATHER BIKER JACKET73',455901.01,NULL,'assets/food_2.jpg','Nhp khu Vit Nam','NORMAL',NULL,'CO002'),('965915dd-ae1b-4c74-a06b-6d37da257a15','Product78','DC X BR LEATHER BIKER JACKET78',161971.19,NULL,'assets/food_1.jpg','Nhp khu t Canada','NORMAL',NULL,'CO001'),('96bd3066-32ca-4017-8ee8-a445bf789b98','Product89','DC X BR MATE T-SHIRT - CREAM89',282191.91,NULL,'assets/food_9.jpg','Nhp khu t USA','NORMAL',NULL,'CO004'),('9bb2e51d-7a06-47a1-902e-8702d5a1247c','Product28','DC X BR LEATHER BOMBER JACKET28',453842.27,NULL,'assets/food_2.jpg','Nhp khu Vit Nam','NORMAL',NULL,'CO002'),('9be4b17d-28f3-49ff-a08a-2dc92ca56a25','Product72','DC X BR MATE T-SHIRT - CREAM72',591251.90,NULL,'assets/food_9.jpg','Nhp khu t USA','NORMAL',NULL,'CO001'),('9f1e8417-368e-49db-85c7-3ba5cb7b5c10','Product38','DC X BR LEATHER BOMBER JACKET38',464000.99,NULL,'assets/food_2.jpg','Nhp khu Vit Nam','NORMAL',NULL,'CO000'),('9f3d1d7c-32b4-4df0-be51-b7e19829afd6','Product97','DC X BR LEATHER BOMBER JACKET97',285643.03,NULL,'assets/food_1.jpg','Nhp khu t USA','NORMAL',NULL,'CO002'),('a087b803-9b5a-4820-9aef-e4609d80cf17','Product87','DC X BR FELT VARSITY JACKET87',604205.36,NULL,'assets/food_2.jpg','Nhp khu t Canada','NORMAL',NULL,'CO003'),('a21db4ef-9110-4589-b49d-4eda5459b1a5','Product81','DC X BR FELT VARSITY JACKET81',165516.62,NULL,'assets/food_7.jpg','Nhp khu Vit Nam','NORMAL',NULL,'CO000'),('a273beec-996b-453e-a43c-9da72dcfb4b5','Product99','DC X BR LEATHER BOMBER JACKET99',234721.97,NULL,'assets/food_7.jpg','Nhp khu t Canada','NORMAL',NULL,'CO000'),('a386b8cd-2264-4e5d-8375-afdbea7fe45e','Product65','DC X BR LEATHER BOMBER JACKET65',141332.60,NULL,'assets/food_3.jpg','Nhp khu t Canada','NORMAL',NULL,'CO000'),('a50c8aa0-be67-4bd7-ae1f-f651b22c022d','Product12','DC X BR LEATHER BOMBER JACKET12',409092.29,NULL,'assets/food_6.jpg','Nhp khu t USA','NORMAL',NULL,'CO000'),('a58adaef-fecc-4985-9533-1a958cf33c9f','Product21','DC X BR LEATHER BIKER JACKET21',672017.02,NULL,'assets/food_9.jpg','Nhp khu Vit Nam','NORMAL',NULL,'CO001'),('a9814502-5394-4ddb-b6b5-4005d6beca5f','Product70','DC X BR MATE T-SHIRT - CREAM70',356986.33,NULL,'assets/food_0.jpg','Nhp khu Vit Nam','NORMAL',NULL,'CO003'),('a9e0909a-7001-47a5-ae9a-82b30664db8f','Product71','DC X BR LEATHER BOMBER JACKET71',424994.09,NULL,'assets/food_1.jpg','Nhp khu t USA','NORMAL',NULL,'CO003'),('ac641c28-3685-4d1f-b973-161ef0d0b754','Product47','DC X BR LEATHER BOMBER JACKET47',619132.32,NULL,'assets/food_6.jpg','Nhp khu Vit Nam','NORMAL',NULL,'CO003'),('b0e8cf54-5b43-4d53-bec0-3ea53c430e22','Product13','DC X BR MATE T-SHIRT - CREAM13',662386.51,NULL,'assets/food_8.jpg','Nhp khu t Canada','NORMAL',NULL,'CO002'),('b133bbe6-a6fe-4ac0-86ce-98cbfa315e56','Product77','DC X BR MATE T-SHIRT - CREAM77',499184.18,NULL,'assets/food_6.jpg','Nhp khu Vit Nam','NORMAL',NULL,'CO001'),('b1e3237b-783a-44de-9a9f-396280127f95','Product56','DC X BR FELT VARSITY JACKET56',677948.39,NULL,'assets/food_0.jpg','Nhp khu t USA','NORMAL',NULL,'CO004'),('b2141eb3-891f-448b-b65c-e20fbb9909a4','Product17','DC X BR FELT VARSITY JACKET17',109431.13,NULL,'assets/food_6.jpg','Nhp khu t Canada','NORMAL',NULL,'CO002'),('b26ccd40-f291-43d7-bacf-1aedf3923044','Product15','DC X BR LEATHER BIKER JACKET15',534089.30,NULL,'assets/food_6.jpg','Nhp khu Vit Nam','NORMAL',NULL,'CO004'),('b2d26a3a-8862-4a6f-a93d-1cd3ac28b37f','Product64','DC X BR LEATHER BIKER JACKET64',460045.63,NULL,'assets/food_5.jpg','Nhp khu Vit Nam','NORMAL',NULL,'CO002'),('b8165d90-73e4-4af5-8d8b-e169c7a7a4f0','Product7','DC X BR FELT VARSITY JACKET7',341687.16,NULL,'assets/food_0.jpg','Nhp khu t USA','NORMAL',NULL,'CO003'),('b83088d0-7244-4ddb-aa9e-71fa8300bdb5','Product58','DC X BR FELT VARSITY JACKET58',628262.57,NULL,'assets/food_3.jpg','Nhp khu t USA','NORMAL',NULL,'CO001'),('b94a63e4-5ac4-4aa8-847f-b251ba67cb3e','Product41','DC X BR LEATHER BIKER JACKET41',186315.10,NULL,'assets/food_9.jpg','Nhp khu t USA','NORMAL',NULL,'CO002'),('baf122ff-5a71-4bdc-9578-b881bc94b4b9','Product2','DC X BR FELT VARSITY JACKET2',353446.55,NULL,'assets/food_7.jpg','Nhp khu t USA','NORMAL',NULL,'CO004'),('bc00089c-ef7c-4bac-afd9-9fa6c9e78467','Product76','DC X BR MATE T-SHIRT - CREAM76',187592.61,NULL,'assets/food_8.jpg','Nhp khu Vit Nam','NORMAL',NULL,'CO004'),('bddaddfb-5229-4b03-b022-12d11fb22f64','Product4','DC X BR MATE T-SHIRT - CREAM4',556853.57,NULL,'assets/food_2.jpg','Nhp khu t USA','NORMAL',NULL,'CO002'),('bfebd08f-c379-4944-b3e1-6341bbf78cef','Product26','DC X BR LEATHER BIKER JACKET26',529732.04,NULL,'assets/food_6.jpg','Nhp khu t USA','NORMAL',NULL,'CO002'),('c0a93606-5f64-467d-8a83-3dbf53ae4f04','Product2','DC X BR LEATHER BOMBER JACKET2',342154.06,NULL,'assets/food_7.jpg','Nhp khu t Canada','NORMAL',NULL,'CO002'),('c14078be-ee11-4dce-87b6-2ea0efcb0298','Product14','DC X BR FELT VARSITY JACKET14',498254.26,NULL,'assets/food_5.jpg','Nhp khu Vit Nam','NORMAL',NULL,'CO002'),('c2d8eeb9-342d-4897-8059-9d76c28b46fd','Product7','DC X BR FELT VARSITY JACKET7',520167.88,NULL,'assets/food_6.jpg','Nhp khu t Canada','NORMAL',NULL,'CO001'),('c57654a5-bbae-4b97-9357-b8a3105a90a1','Product33','DC X BR MATE T-SHIRT - CREAM33',132088.30,NULL,'assets/food_6.jpg','Nhp khu t Canada','NORMAL',NULL,'CO003'),('c6717ec9-8949-4ea9-aaa7-bfa68199bb58','Product27','DC X BR LEATHER BOMBER JACKET27',320807.99,NULL,'assets/food_3.jpg','Nhp khu t Canada','NORMAL',NULL,'CO001'),('c6edd1d8-8043-472d-a385-260e9b1b60fe','Product67','DC X BR LEATHER BOMBER JACKET67',115619.28,NULL,'assets/food_5.jpg','Nhp khu Vit Nam','NORMAL',NULL,'CO000'),('c75af5bd-1dc1-49b3-b76c-c254364a9e0f','Product60','DC X BR MATE T-SHIRT - CREAM60',151994.36,NULL,'assets/food_1.jpg','Nhp khu t Canada','NORMAL',NULL,'CO003'),('c7a355c0-9e55-4c7f-b840-8495bf507ed2','Product6','DC X BR FELT VARSITY JACKET6',323188.08,NULL,'assets/food_3.jpg','Nhp khu t Canada','NORMAL',NULL,'CO000'),('c9e7c395-16b4-4024-8c10-c4e8a25babe8','Product62','DC X BR MATE T-SHIRT - CREAM62',221702.15,NULL,'assets/food_7.jpg','Nhp khu t USA','NORMAL',NULL,'CO000'),('ca3d9195-09b5-4e8f-9cbe-856479800416','Product75','DC X BR FELT VARSITY JACKET75',364287.79,NULL,'assets/food_0.jpg','Nhp khu Vit Nam','NORMAL',NULL,'CO002'),('ca9bfe54-fd77-4e48-83a3-34cc8a8a46fe','Product1','DC X BR MATE T-SHIRT - CREAM1',313240.45,NULL,'assets/food_8.jpg','Nhp khu t USA','NORMAL',NULL,'CO000'),('cb44ed3d-662d-4c66-834a-2cbd224530be','Product37','DC X BR FELT VARSITY JACKET37',285797.09,NULL,'assets/food_1.jpg','Nhp khu t USA','NORMAL',NULL,'CO001'),('cb5f0e0c-7193-4fe6-aba9-1a77c70565bb','Product98','DC X BR LEATHER BOMBER JACKET98',487707.76,NULL,'assets/food_0.jpg','Nhp khu t Canada','NORMAL',NULL,'CO002'),('cb762604-c56b-406c-9426-223206b0b27e','Product27','DC X BR FELT VARSITY JACKET27',656001.79,NULL,'assets/food_9.jpg','Nhp khu t Canada','NORMAL',NULL,'CO001'),('cda11df4-2b05-4229-b6f4-86ae84825460','Product74','DC X BR LEATHER BOMBER JACKET74',390632.02,NULL,'assets/food_1.jpg','Nhp khu t USA','NORMAL',NULL,'CO004'),('cde56d3f-2fb0-4067-abce-279211357e0b','Product22','DC X BR LEATHER BOMBER JACKET22',309242.88,NULL,'assets/food_4.jpg','Nhp khu t USA','NORMAL',NULL,'CO001'),('ce03826f-23ea-4a49-8024-4c5c8bcbc2bd','Product46','DC X BR LEATHER BIKER JACKET46',212015.56,NULL,'assets/food_7.jpg','Nhp khu Vit Nam','NORMAL',NULL,'CO000'),('cf165ced-716c-4924-8f36-d1460d4ac14d','Product1','DC X BR FELT VARSITY JACKET1',201622.95,NULL,'assets/food_8.jpg','Nhp khu Vit Nam','NORMAL',NULL,'CO001'),('cf2945ff-7d84-43b3-acee-c61e533b250e','Product46','DC X BR MATE T-SHIRT - CREAM46',563449.64,NULL,'assets/food_0.jpg','Nhp khu t Canada','NORMAL',NULL,'CO003'),('d1b470f1-fbd6-45d1-9cbe-a64a790f1c97','Product52','DC X BR LEATHER BOMBER JACKET52',555893.50,NULL,'assets/food_0.jpg','Nhp khu t USA','NORMAL',NULL,'CO001'),('d1b6ade3-4b7e-403d-a087-2bb717d09212','Product30','DC X BR MATE T-SHIRT - CREAM30',528598.92,NULL,'assets/food_2.jpg','Nhp khu t Canada','NORMAL',NULL,'CO000'),('d2139b12-9534-4abc-8a7f-01f45f0b0f05','Product4','DC X BR LEATHER BOMBER JACKET4',355635.92,NULL,'assets/food_1.jpg','Nhp khu Vit Nam','NORMAL',NULL,'CO002'),('d26e0ac1-d1dc-4fe5-be90-9b398fe20ce1','Product22','DC X BR LEATHER BIKER JACKET22',436203.84,NULL,'assets/food_0.jpg','Nhp khu t USA','NORMAL',NULL,'CO001'),('d3c63ec7-393a-4103-a8a8-15ecfd40eda6','Product30','DC X BR LEATHER BIKER JACKET30',639390.61,NULL,'assets/food_4.jpg','Nhp khu t USA','NORMAL',NULL,'CO003'),('d4daa23a-5f11-4b84-988f-d2a98106b6fe','Product61','DC X BR LEATHER BOMBER JACKET61',525251.29,NULL,'assets/food_7.jpg','Nhp khu t USA','NORMAL',NULL,'CO003'),('d696ce2e-7692-4053-b29b-9bb4b70b22cf','Product44','DC X BR FELT VARSITY JACKET44',545673.60,NULL,'assets/food_4.jpg','Nhp khu t USA','NORMAL',NULL,'CO002'),('d72bfaf5-729e-4bc3-8cb8-6759c7d69e15','Product35','DC X BR LEATHER BOMBER JACKET35',224589.03,NULL,'assets/food_3.jpg','Nhp khu Vit Nam','NORMAL',NULL,'CO000'),('d9ceca88-2c08-4219-8ed0-45c39be995cf','Product97','DC X BR LEATHER BIKER JACKET97',378256.63,NULL,'assets/food_6.jpg','Nhp khu Vit Nam','NORMAL',NULL,'CO003'),('de12b753-0ef4-4518-9a89-15c7f7ae1be3','Product66','DC X BR FELT VARSITY JACKET66',170613.46,NULL,'assets/food_0.jpg','Nhp khu t USA','NORMAL',NULL,'CO002'),('decf7112-280b-472d-88a3-1b11efc58161','Product78','DC X BR LEATHER BOMBER JACKET78',453827.67,NULL,'assets/food_4.jpg','Nhp khu t USA','NORMAL',NULL,'CO001'),('e1560639-1bdd-4672-bf7a-2eb10bec4364','Product93','DC X BR MATE T-SHIRT - CREAM93',644332.99,NULL,'assets/food_0.jpg','Nhp khu t USA','NORMAL',NULL,'CO000'),('e19e6409-3ff5-4aaf-adc6-44f693ca6527','Product37','DC X BR MATE T-SHIRT - CREAM37',282732.39,NULL,'assets/food_6.jpg','Nhp khu t Canada','NORMAL',NULL,'CO000'),('e2dca543-ffa0-462b-9788-17fb09cc521d','Product60','DC X BR LEATHER BIKER JACKET60',557433.86,NULL,'assets/food_9.jpg','Nhp khu t Canada','NORMAL',NULL,'CO004'),('e34992ed-0246-4ab8-9f04-7d0324e4ca89','Product34','DC X BR MATE T-SHIRT - CREAM34',245111.45,NULL,'assets/food_0.jpg','Nhp khu t Canada','NORMAL',NULL,'CO003'),('e3ab5a0b-a2f5-48f6-9869-2dfc94e26753','Product21','DC X BR LEATHER BOMBER JACKET21',421440.25,NULL,'assets/food_8.jpg','Nhp khu t USA','NORMAL',NULL,'CO004'),('e77c1e9b-dadf-4ee2-aa09-c5cdbf66da6f','Product0','DC X BR FELT VARSITY JACKET0',528032.80,NULL,'assets/food_4.jpg','Nhp khu Vit Nam','NORMAL',NULL,'CO002'),('e7a9b686-97cd-44b3-9efe-a9fdbb942a68','Product29','DC X BR FELT VARSITY JACKET29',216697.46,NULL,'assets/food_6.jpg','Nhp khu Vit Nam','NORMAL',NULL,'CO001'),('e7f5df15-69ac-4adf-93f5-4218a256379d','Product68','DC X BR FELT VARSITY JACKET68',166266.56,NULL,'assets/food_5.jpg','Nhp khu t Canada','NORMAL',NULL,'CO003'),('e92ea038-4937-4fe3-bbb7-0fe1ff719006','Product88','DC X BR FELT VARSITY JACKET88',416537.54,NULL,'assets/food_7.jpg','Nhp khu t Canada','NORMAL',NULL,'CO003'),('ea1944b0-4be2-43b5-8fb6-d8a633977c37','Product56','DC X BR FELT VARSITY JACKET56',163634.00,NULL,'assets/food_2.jpg','Nhp khu t USA','NORMAL',NULL,'CO002'),('ea313cc4-2f28-49d5-a50b-bfa36573459a','Product16','DC X BR LEATHER BOMBER JACKET16',486939.90,NULL,'assets/food_3.jpg','Nhp khu Vit Nam','NORMAL',NULL,'CO003'),('ea3f7fab-0374-4e0e-815b-27255547de91','Product24','DC X BR MATE T-SHIRT - CREAM24',353724.63,NULL,'assets/food_6.jpg','Nhp khu t USA','NORMAL',NULL,'CO004'),('eabfa3d6-090c-4427-b591-33a40de03d4f','Product84','DC X BR LEATHER BOMBER JACKET84',290138.21,NULL,'assets/food_3.jpg','Nhp khu Vit Nam','NORMAL',NULL,'CO002'),('efd199d2-4222-4651-8723-9a7e0ebb870c','Product44','DC X BR LEATHER BIKER JACKET44',392895.94,NULL,'assets/food_9.jpg','Nhp khu t USA','NORMAL',NULL,'CO003'),('f040ca81-6cfc-4d33-a533-613c9037622a','Product57','DC X BR LEATHER BOMBER JACKET57',698289.61,NULL,'assets/food_1.jpg','Nhp khu Vit Nam','NORMAL',NULL,'CO002'),('f2635b41-dce8-4bd8-b2d2-4d630444e370','Product35','DC X BR FELT VARSITY JACKET35',329770.61,NULL,'assets/food_2.jpg','Nhp khu t Canada','NORMAL',NULL,'CO002'),('f2b4b290-8675-4a73-b06d-fd7db6e6c739','Product34','DC X BR LEATHER BIKER JACKET34',348219.36,NULL,'assets/food_3.jpg','Nhp khu Vit Nam','NORMAL',NULL,'CO004'),('f31375c3-0d0b-45c9-a77b-44253d286d35','Product65','DC X BR LEATHER BIKER JACKET65',405443.32,NULL,'assets/food_0.jpg','Nhp khu Vit Nam','NORMAL',NULL,'CO001'),('f3b63d39-f355-45f4-8293-79358f0827b2','Product49','DC X BR MATE T-SHIRT - CREAM49',439551.97,NULL,'assets/food_1.jpg','Nhp khu Vit Nam','NORMAL',NULL,'CO002'),('f3ee93a3-1f15-4475-a509-a3d4b38c0c58','Product80','DC X BR LEATHER BIKER JACKET80',104756.55,NULL,'assets/food_7.jpg','Nhp khu t USA','NORMAL',NULL,'CO002'),('f533d832-e8bb-4268-b197-587452c06d68','Product36','DC X BR FELT VARSITY JACKET36',315632.66,NULL,'assets/food_2.jpg','Nhp khu Vit Nam','NORMAL',NULL,'CO004'),('f75d0813-da3b-4ca3-bf7d-afc0a4ef0a38','Product17','DC X BR MATE T-SHIRT - CREAM17',428120.44,NULL,'assets/food_2.jpg','Nhp khu t Canada','NORMAL',NULL,'CO004'),('f7978254-9a1d-4cd0-869a-b3bc41078637','Product85','DC X BR LEATHER BIKER JACKET85',614000.67,NULL,'assets/food_5.jpg','Nhp khu t USA','NORMAL',NULL,'CO004'),('f836b6ad-bebf-42a8-97e6-4a9ed93468d9','Product69','DC X BR LEATHER BIKER JACKET69',573926.22,NULL,'assets/food_8.jpg','Nhp khu t Canada','NORMAL',NULL,'CO003'),('f868b9d4-09a5-44fd-94d7-7613c78804c4','Product67','DC X BR FELT VARSITY JACKET67',346138.12,NULL,'assets/food_8.jpg','Nhp khu t Canada','NORMAL',NULL,'CO001'),('fc59ae4b-b7b3-402d-8fb6-ddfd35a39448','Product63','DC X BR FELT VARSITY JACKET63',391880.09,NULL,'assets/food_8.jpg','Nhp khu Vit Nam','NORMAL',NULL,'CO001'),('fd337d83-c84e-4895-ad3e-11f81253d7e2','Product84','DC X BR LEATHER BIKER JACKET84',351742.02,NULL,'assets/food_1.jpg','Nhp khu Vit Nam','NORMAL',NULL,'CO003'),('fec9d356-fe08-420d-a14b-2183b1f35402','Product5','DC X BR LEATHER BOMBER JACKET5',516490.80,NULL,'assets/food_2.jpg','Nhp khu Vit Nam','NORMAL',NULL,'CO002');
/*!40000 ALTER TABLE `product` ENABLE KEYS */;
UNLOCK TABLES;

--
-- Table structure for table `sizes`
--

DROP TABLE IF EXISTS `sizes`;
/*!40101 SET @saved_cs_client     = @@character_set_client */;
/*!50503 SET character_set_client = utf8mb4 */;
CREATE TABLE `sizes` (
  `id` varchar(50) DEFAULT NULL,
  `name` varchar(50) DEFAULT NULL,
  `addition` decimal(10,0) DEFAULT NULL,
  `idProduct` varchar(50) DEFAULT NULL
) ENGINE=InnoDB DEFAULT CHARSET=utf8mb4 COLLATE=utf8mb4_0900_ai_ci;
/*!40101 SET character_set_client = @saved_cs_client */;

--
-- Dumping data for table `sizes`
--

LOCK TABLES `sizes` WRITE;
/*!40000 ALTER TABLE `sizes` DISABLE KEYS */;
INSERT INTO `sizes` VALUES ('7e20eaae-18a9-44a4-a457-e1d1b9270547','L',62210,'e77c1e9b-dadf-4ee2-aa09-c5cdbf66da6f'),('b6ce6e84-fb58-4ca6-b044-ec3f6c957326','XXL',99855,'e77c1e9b-dadf-4ee2-aa09-c5cdbf66da6f'),('f7e55755-5d08-4abf-984e-a876c30f4751','XXXL',59851,'e77c1e9b-dadf-4ee2-aa09-c5cdbf66da6f'),('054012f9-c7d0-4fda-a325-68a2c5366763','M',183761,'ca9bfe54-fd77-4e48-83a3-34cc8a8a46fe'),('d8b1a819-5b7e-47cd-aaad-4d4ead750e3d','L',104479,'ca9bfe54-fd77-4e48-83a3-34cc8a8a46fe'),('c723dcf2-5b94-4531-a41b-21e27ea7c08a','XXL',236148,'ca9bfe54-fd77-4e48-83a3-34cc8a8a46fe'),('b3e303ea-0260-4755-a81c-70011abb3e42','XXXL',167123,'ca9bfe54-fd77-4e48-83a3-34cc8a8a46fe'),('4068172a-7a66-4c77-b220-847015fa1bb9','M',125737,'baf122ff-5a71-4bdc-9578-b881bc94b4b9'),('b6687981-0ab5-4d82-a099-e6337c764def','XL',151007,'baf122ff-5a71-4bdc-9578-b881bc94b4b9'),('54754596-2bfa-4dbd-8266-0f3be80f7e8f','XXXL',77072,'baf122ff-5a71-4bdc-9578-b881bc94b4b9'),('d99d2d20-b21b-43c0-ac8e-3ac5b2e2dc32','M',187256,'6a510471-167d-4369-9dc9-fd0a8c717418'),('8d40f757-d7bc-4e1b-a3ef-f561c01c8619','XL',95584,'6a510471-167d-4369-9dc9-fd0a8c717418'),('7f99ae77-2395-4b8a-ac97-10bcff927cfc','XXL',76307,'6a510471-167d-4369-9dc9-fd0a8c717418'),('d8810b58-7622-4a41-bcc6-23f74126669b','S',197464,'bddaddfb-5229-4b03-b022-12d11fb22f64'),('ac721979-e352-4e6b-8d91-54fc8554f45c','M',88267,'bddaddfb-5229-4b03-b022-12d11fb22f64'),('ff93c774-cb98-4b85-b1e8-c48492ad3ccc','L',89727,'bddaddfb-5229-4b03-b022-12d11fb22f64'),('26635d14-87bd-46e0-a8dd-f6ce43c52c99','XL',83896,'bddaddfb-5229-4b03-b022-12d11fb22f64'),('7bd85648-64b1-4a4f-bb1d-d4f5160da2fb','M',83155,'2ff78336-9f31-4d7b-96f3-7d98b6de34e1'),('8500e039-9815-4543-8773-5967d8463c1b','L',60400,'2ff78336-9f31-4d7b-96f3-7d98b6de34e1'),('afce9bb1-5c18-40b1-8096-e47a79060d87','XXL',118973,'2ff78336-9f31-4d7b-96f3-7d98b6de34e1'),('606e27cc-e6a2-401a-8319-7c2933b1756d','XXXL',116428,'2ff78336-9f31-4d7b-96f3-7d98b6de34e1'),('0c52c80f-7656-4bb9-aed8-9ff89f134490','M',51676,'7014463b-0c9b-44a6-bc32-8acfc6a8344c'),('cc90b57e-6cfa-4f34-8184-65264954496d','XL',228088,'7014463b-0c9b-44a6-bc32-8acfc6a8344c'),('cc4fbe32-1134-4ddb-82a7-46d541d38d28','XXL',57301,'7014463b-0c9b-44a6-bc32-8acfc6a8344c'),('eee53f8d-f148-41e6-8a5f-235fed8ea80f','XXXL',229258,'7014463b-0c9b-44a6-bc32-8acfc6a8344c'),('3643d3ba-1932-4847-a0f9-a2a852a0bdd5','L',241805,'b8165d90-73e4-4af5-8d8b-e169c7a7a4f0'),('adc3b749-3160-4b95-8174-a18e43d89d89','XXXL',89015,'b8165d90-73e4-4af5-8d8b-e169c7a7a4f0'),('11331020-d92b-47c7-9ef0-de94d90caeae','XXL',53208,'5b7bf803-e672-46dd-8e91-bea8179ac999'),('08109342-53fd-4f54-a776-a72097bc4288','XXXL',162726,'5b7bf803-e672-46dd-8e91-bea8179ac999'),('f5c4b60c-e68b-43d0-8468-98f66dc6d6dc','M',101873,'85068967-31d2-4fbf-964d-43a4762f638a'),('f8dcf4c1-d4e2-4c24-b680-8f5be23f7ff8','L',73981,'85068967-31d2-4fbf-964d-43a4762f638a'),('e60f4cc2-9e08-4287-9178-dfdf09b8113d','XL',235986,'85068967-31d2-4fbf-964d-43a4762f638a'),('efbe72d7-2f74-4ffd-bcf5-80cc9d3521d8','XXXL',206569,'85068967-31d2-4fbf-964d-43a4762f638a'),('29b70fc9-b3f6-4aec-9652-d8223562564e','S',245147,'09ccdc15-7893-4c90-87a5-cb54ab274ca6'),('021f895f-d01e-433f-8b51-544ad6bc0738','M',71850,'09ccdc15-7893-4c90-87a5-cb54ab274ca6'),('196ee84f-7503-4edc-86fa-2ef3bb5ea77d','L',178679,'09ccdc15-7893-4c90-87a5-cb54ab274ca6'),('68f341dd-7548-4635-94b1-db3e300e1371','XL',162060,'09ccdc15-7893-4c90-87a5-cb54ab274ca6'),('cb027c9a-d2fa-4e3d-b6cf-7f798a12d19f','XXL',230270,'09ccdc15-7893-4c90-87a5-cb54ab274ca6'),('6839aab5-1054-4038-86d8-c8b0aa680067','XXXL',53466,'09ccdc15-7893-4c90-87a5-cb54ab274ca6'),('ee5e59c4-4639-4ddd-a89a-561cabb64442','XXL',86442,'06f0c080-9496-422c-84ee-2a5414a585c9'),('df28c66a-2d7d-4195-b63d-473607af9db8','S',213440,'4c73ed49-18c8-447e-875d-240087706995'),('fdcbe890-ec0b-43d2-832c-14f55e00ef12','M',161537,'4c73ed49-18c8-447e-875d-240087706995'),('c1a42c8d-b04e-4369-ad8c-b70abf33cdf3','L',231329,'4c73ed49-18c8-447e-875d-240087706995'),('33e36446-69e4-4491-855e-97f9f2ff0f03','XL',71908,'4c73ed49-18c8-447e-875d-240087706995'),('a0981f5a-adaa-46ea-8e83-eef1c87af5cf','XXXL',118649,'4c73ed49-18c8-447e-875d-240087706995'),('07a268f9-259a-45b5-a9d2-8df132ed6dfc','S',195306,'90c7bc00-9ffb-451f-9f5c-0bde0f241269'),('2ea84479-2b16-4b08-95ed-286fcaebe862','M',121112,'90c7bc00-9ffb-451f-9f5c-0bde0f241269'),('67eeb0c1-394f-4ea0-995e-02815e0a4eba','L',87239,'90c7bc00-9ffb-451f-9f5c-0bde0f241269'),('50072fe3-4fde-4d77-aa6f-c2c2572f9bce','XXL',142946,'90c7bc00-9ffb-451f-9f5c-0bde0f241269'),('6f66f29c-a9f1-4dcb-aba3-71cbeb6e2be0','XXXL',240231,'90c7bc00-9ffb-451f-9f5c-0bde0f241269'),('572a2391-f936-496b-9c84-4f7709c1cc74','L',169645,'2801e269-9448-476c-92c4-0e5dc211ab8d'),('4498e699-676e-4ef8-9c61-cd2c948505af','XXL',66329,'2801e269-9448-476c-92c4-0e5dc211ab8d'),('863143db-0b9e-425b-9b5c-85a550146a6e','XXXL',50119,'2801e269-9448-476c-92c4-0e5dc211ab8d'),('3266ca14-8973-48fc-b5d8-cb16d567668b','S',218401,'b26ccd40-f291-43d7-bacf-1aedf3923044'),('9ddff7c9-8452-4203-9e34-3fde85bb085d','M',134606,'b26ccd40-f291-43d7-bacf-1aedf3923044'),('a845d2b5-9076-472c-925a-74cfeaadb8db','L',247848,'b26ccd40-f291-43d7-bacf-1aedf3923044'),('bb3b6d38-2b8e-414a-bc93-e34d124df51f','XXXL',101191,'b26ccd40-f291-43d7-bacf-1aedf3923044'),('68648777-6248-446f-ab61-5f52e0cbae09','S',226056,'ea313cc4-2f28-49d5-a50b-bfa36573459a'),('a2de47cd-0459-484a-91d3-468d244efc29','M',103470,'ea313cc4-2f28-49d5-a50b-bfa36573459a'),('7af8cdc2-7740-4d60-bc4c-db7aa9147608','L',188646,'ea313cc4-2f28-49d5-a50b-bfa36573459a'),('6bff2bae-5b7e-417e-a523-b78d99280b09','XL',220689,'ea313cc4-2f28-49d5-a50b-bfa36573459a'),('e926638e-df17-4c39-9e68-aa11cd7ad963','XXL',74873,'ea313cc4-2f28-49d5-a50b-bfa36573459a'),('f7e2eba3-5757-41ed-8a6a-168bf05cf6f6','XXXL',65887,'ea313cc4-2f28-49d5-a50b-bfa36573459a'),('9809eb3f-2a23-4c0d-81b9-9857ae16f27f','S',105754,'b2141eb3-891f-448b-b65c-e20fbb9909a4'),('3979db39-d031-4db3-a59d-7fdadb414c21','XXL',95777,'b2141eb3-891f-448b-b65c-e20fbb9909a4'),('31bc2906-c96c-406f-896e-225dd668a48c','S',237184,'31fdfcab-5ca9-44e3-aa4b-a9685d76aa99'),('af7a72f1-e0b1-4eb8-9083-6238c27fc463','M',152907,'31fdfcab-5ca9-44e3-aa4b-a9685d76aa99'),('f31babdb-f3da-43e2-8f5c-9278cdf134f4','L',216971,'31fdfcab-5ca9-44e3-aa4b-a9685d76aa99'),('b8f0d2f4-b71c-4ce8-8c6a-7df594b29e8d','XL',120116,'31fdfcab-5ca9-44e3-aa4b-a9685d76aa99'),('e1a1d08c-556d-43a5-b1cd-8e82951b5238','XXL',219013,'31fdfcab-5ca9-44e3-aa4b-a9685d76aa99'),('5b9bcd51-3da2-44ab-ab6b-833dd8adfdab','S',109729,'1e149f41-d9b1-44dc-8202-b7da6d8a6733'),('f66f72ed-72bc-47db-b4a6-63472a7063dc','XXXL',64536,'1e149f41-d9b1-44dc-8202-b7da6d8a6733'),('aa922cf4-1147-42f5-8e37-9e46590c2b1e','M',61456,'7e6216d3-3aee-44ac-8dbc-08bf15b2dafb'),('dade4a44-e947-45b1-98b6-447fca6ccfcb','L',136908,'7e6216d3-3aee-44ac-8dbc-08bf15b2dafb'),('7fe55330-3120-4f86-b345-b12ce0375a9c','S',129371,'e3ab5a0b-a2f5-48f6-9869-2dfc94e26753'),('ca0ad175-105f-4a2d-8d2c-124a0446d59b','M',180471,'e3ab5a0b-a2f5-48f6-9869-2dfc94e26753'),('9130df0f-b3ac-427a-a70b-1a7bb0fc8466','XL',211631,'e3ab5a0b-a2f5-48f6-9869-2dfc94e26753'),('da2d03e8-73b9-4471-bd8d-853c0ae51916','XXL',177932,'e3ab5a0b-a2f5-48f6-9869-2dfc94e26753'),('cf69edc6-7edb-4497-bf2b-664041273900','S',153897,'d26e0ac1-d1dc-4fe5-be90-9b398fe20ce1'),('0cf24906-13db-44b3-a736-8eefd77ae419','L',201308,'d26e0ac1-d1dc-4fe5-be90-9b398fe20ce1'),('10a33c26-1532-42ad-86b9-9b40105cbd10','XL',120614,'d26e0ac1-d1dc-4fe5-be90-9b398fe20ce1'),('5482452e-b1d5-42d4-adbf-67511a36deb3','XXL',108155,'d26e0ac1-d1dc-4fe5-be90-9b398fe20ce1'),('5cbe0756-b315-452c-98c5-47ed28643823','XL',124690,'15053286-eb25-44e5-b10e-106c4e3e86e8'),('46a48171-94f1-4e66-97a7-85de2ba32b63','XXL',158582,'15053286-eb25-44e5-b10e-106c4e3e86e8'),('12dffc3c-d0f5-4539-89f0-8724e62466d4','S',191840,'ea3f7fab-0374-4e0e-815b-27255547de91'),('f6cde87b-b267-40e2-8b3c-857b168ca3c9','M',127795,'ea3f7fab-0374-4e0e-815b-27255547de91'),('d6f7b7ba-5ee4-46c7-b5cb-ff7d7ce98099','L',153771,'ea3f7fab-0374-4e0e-815b-27255547de91'),('a7b3e79a-16b0-41eb-a87d-199029550355','XXL',175456,'ea3f7fab-0374-4e0e-815b-27255547de91'),('305df043-95b2-477a-8357-dbba32334329','M',175406,'8aff4e77-7439-4bdd-9d88-e1c1a0a61b0a'),('514c5aac-8d1f-4174-ab44-f40580e7cb3a','XL',177306,'8aff4e77-7439-4bdd-9d88-e1c1a0a61b0a'),('4d10ec75-cb0e-4dc7-b43c-bf85d90d45ba','XXL',145391,'8aff4e77-7439-4bdd-9d88-e1c1a0a61b0a'),('52882506-e353-4722-80c6-d69ea4606a15','M',176883,'8df10195-e2d9-43b9-aec8-f3a9a36fa68a'),('df452dd6-d294-4fd0-8a39-47156c61f16e','L',237239,'8df10195-e2d9-43b9-aec8-f3a9a36fa68a'),('0e17ce5d-9cb5-4392-a9c7-d8d3b11c66a3','S',127408,'cb762604-c56b-406c-9426-223206b0b27e'),('15284cb7-5942-45ea-84ff-b366d4285c19','L',206808,'cb762604-c56b-406c-9426-223206b0b27e'),('c0d11cda-93fa-4b94-aaad-5f2a7041bbd4','XXL',166717,'cb762604-c56b-406c-9426-223206b0b27e'),('2ef29020-6a2b-4238-94da-fb3f92b71712','S',212815,'7d36d46b-dc87-4e42-ac59-6061f1eafbae'),('25427dbe-abef-438b-acee-31c2054b5a15','L',121596,'7d36d46b-dc87-4e42-ac59-6061f1eafbae'),('616227ff-ea06-4a53-bf8f-7306b00f1b08','XL',243506,'7d36d46b-dc87-4e42-ac59-6061f1eafbae'),('82675d42-cf1c-48a0-91fc-9636770b4a4c','XXL',76244,'7d36d46b-dc87-4e42-ac59-6061f1eafbae'),('0ff12261-59f1-48ad-9829-5f5b644cf010','XXXL',74717,'7d36d46b-dc87-4e42-ac59-6061f1eafbae'),('07bc8cbe-8b20-4de5-a0d4-e7006cec3424','M',153148,'e7a9b686-97cd-44b3-9efe-a9fdbb942a68'),('f8f3cd02-cc6a-4223-9daa-54bf84d278a7','XL',132638,'e7a9b686-97cd-44b3-9efe-a9fdbb942a68'),('163e6dac-7e9e-4de4-84c2-df176189fa6e','XXXL',61469,'e7a9b686-97cd-44b3-9efe-a9fdbb942a68'),('8a0a46cd-8462-4d6f-a43a-03fcd2bd38e7','L',249010,'d1b6ade3-4b7e-403d-a087-2bb717d09212'),('8c03e204-579a-460c-a922-0ab890088b38','M',142280,'4df7a6f6-a260-4c28-a271-b72c25e03e86'),('3ae0b915-f7bf-405e-91df-14f497cc2021','L',130209,'4df7a6f6-a260-4c28-a271-b72c25e03e86'),('cf6c96c8-bf80-4818-8e96-3ee034444d3b','S',188850,'1b6083a0-7ef5-45e6-abdb-fa380ee5c14f'),('422b9e24-7e39-4a6c-9092-be3862e026bd','M',211583,'1b6083a0-7ef5-45e6-abdb-fa380ee5c14f'),('ad94f840-63d1-499d-979e-88fed2590ebd','L',163328,'1b6083a0-7ef5-45e6-abdb-fa380ee5c14f'),('7887e748-0616-4f4a-ab79-da9bbae1ffce','XL',99114,'1b6083a0-7ef5-45e6-abdb-fa380ee5c14f'),('35e203a1-6467-47d6-b764-e8c38303010a','XXL',234690,'1b6083a0-7ef5-45e6-abdb-fa380ee5c14f'),('2d5f9610-eb47-43b0-92a6-0ff96fa648b4','XXXL',177185,'1b6083a0-7ef5-45e6-abdb-fa380ee5c14f'),('f2df6d23-1dbd-4ed5-bc7a-8d5cde767aa1','S',236486,'c57654a5-bbae-4b97-9357-b8a3105a90a1'),('6307aa15-a99f-4711-bd4b-48a099a0d90d','XXXL',220479,'c57654a5-bbae-4b97-9357-b8a3105a90a1'),('9945d281-e032-45a4-a2fd-b0cce80b53c7','M',53304,'f2b4b290-8675-4a73-b06d-fd7db6e6c739'),('9e5dfa45-e5a8-4c2a-ba50-4f9731e4047e','XXL',62080,'f2b4b290-8675-4a73-b06d-fd7db6e6c739'),('29933312-3c24-49ee-be7a-daa7aa4a829f','S',95437,'f2635b41-dce8-4bd8-b2d2-4d630444e370'),('c0c527b2-7370-49ea-a484-db93cc7a2066','L',203572,'f2635b41-dce8-4bd8-b2d2-4d630444e370'),('7d08eae3-4fcf-4ef0-96c8-72878ea12fc1','S',231736,'8a38efb2-cb13-470d-8388-6114114e3b44'),('6c30c1de-1960-4030-a7d6-a33366706979','M',134650,'8a38efb2-cb13-470d-8388-6114114e3b44'),('880701de-2fd1-4075-8eeb-2104d6b62fc3','XXL',83129,'8a38efb2-cb13-470d-8388-6114114e3b44'),('4c3ad39b-2bf8-4915-8761-8e82c41c1d1e','XXXL',233644,'cb44ed3d-662d-4c66-834a-2cbd224530be'),('ecbf29c5-7558-4b6f-a810-27407e8b4a59','XL',221658,'5026139f-e0ea-4e5f-9906-ffc3e1887627'),('317a0ccf-49aa-4c0e-907e-d2dd46cc8dec','S',191200,'59da73c1-2d0c-4979-b336-05f5af0ebbaa'),('19aa9271-0573-4070-a7c1-2bd532f1dd45','M',138967,'59da73c1-2d0c-4979-b336-05f5af0ebbaa'),('d6901c7a-f808-471e-b066-0d123e9bbde4','XXXL',198235,'59da73c1-2d0c-4979-b336-05f5af0ebbaa'),('27c9896d-774c-4ad2-aca8-a6c6d377fb37','S',247518,'1d9bc2ac-373a-4660-8eb9-3caadd39b3aa'),('2145872e-9155-4088-a1f7-5e060460c4e2','M',114041,'1d9bc2ac-373a-4660-8eb9-3caadd39b3aa'),('6d43d443-7ec5-46c7-ae40-254bf969497b','XXXL',148750,'1d9bc2ac-373a-4660-8eb9-3caadd39b3aa'),('34f42b4b-4680-4fcb-8cc4-9c3854c216de','L',50803,'b94a63e4-5ac4-4aa8-847f-b251ba67cb3e'),('d66c36de-cb17-4876-b767-e1c02eb028bc','L',125924,'0dc068e8-3a65-42eb-87c3-f15e169c71f5'),('ac0e8cfa-e581-459b-bbec-f645e361aa50','XL',164653,'0dc068e8-3a65-42eb-87c3-f15e169c71f5'),('0d672482-7158-46e9-8ae2-9672880c5ae8','XXXL',102638,'0dc068e8-3a65-42eb-87c3-f15e169c71f5'),('ec31db8d-cab9-40fb-beda-5cce5ed9ad3c','M',216085,'807fd7c6-503b-4a9c-adb1-376931652872'),('aff1ed22-2bf4-4d5b-9349-86d83409be0b','L',161655,'807fd7c6-503b-4a9c-adb1-376931652872'),('d0ecdcd8-3061-40b8-913d-cde1bb4172d2','XXL',76792,'807fd7c6-503b-4a9c-adb1-376931652872'),('bf5d8e61-f3b2-4df6-bb71-7df5d8c7cd72','XXL',128283,'d696ce2e-7692-4053-b29b-9bb4b70b22cf'),('2c156c31-f01a-43d6-bde6-2558f4be95f2','XXXL',148791,'d696ce2e-7692-4053-b29b-9bb4b70b22cf'),('f9e736a6-b101-4d58-8e7d-e9be640ba617','S',110052,'2dc579f0-e5e5-430b-9016-312cc41e7339'),('c4c9cf55-fe57-4a6b-be68-42b04e94b4e3','L',78184,'2dc579f0-e5e5-430b-9016-312cc41e7339'),('a76f50c0-d5fa-471b-86ea-4d37de08fc33','XXXL',83518,'2dc579f0-e5e5-430b-9016-312cc41e7339'),('edd82fda-c1b8-43a7-ac36-8988bf68ae35','M',84286,'ce03826f-23ea-4a49-8024-4c5c8bcbc2bd'),('d74f9975-d404-46db-a689-95397ddaa03c','L',60964,'ce03826f-23ea-4a49-8024-4c5c8bcbc2bd'),('403a7a10-1198-42ea-8cbb-d4a2216fd803','XXXL',106438,'ce03826f-23ea-4a49-8024-4c5c8bcbc2bd'),('f101875b-1ebd-4e51-ac87-93f804a717ae','S',234462,'068916b6-0af6-4488-bb9b-f898b64b3551'),('1dd55d82-effd-4754-b590-1756666ffc92','M',106297,'068916b6-0af6-4488-bb9b-f898b64b3551'),('ac43394b-98ab-4e46-af36-a3011bfa8961','XL',135466,'068916b6-0af6-4488-bb9b-f898b64b3551'),('f3c1d7a3-cf03-4510-a7cc-00340e780c8c','XXL',180608,'068916b6-0af6-4488-bb9b-f898b64b3551'),('550f584a-dcb0-4b9b-af74-88e5c642bf9f','XXXL',107930,'068916b6-0af6-4488-bb9b-f898b64b3551'),('8b864959-35fa-4cec-888d-792bac49974c','S',217650,'203a92d1-636d-429d-8a88-0e1662a9bc6c'),('65a69731-9f8f-4a3e-bd47-ffa2d41bb87e','M',59092,'203a92d1-636d-429d-8a88-0e1662a9bc6c'),('0eb49515-fdf8-4f6d-af7c-5dfd2bbce621','L',51282,'203a92d1-636d-429d-8a88-0e1662a9bc6c'),('32be206d-8cb1-4c53-9a80-1d19cc634988','XL',108974,'203a92d1-636d-429d-8a88-0e1662a9bc6c'),('06d133c4-71a4-4a76-b381-0a070602de0a','L',50331,'f3b63d39-f355-45f4-8293-79358f0827b2'),('80bd3d11-7b0e-444c-acea-4ea2b64ed980','XXL',91973,'f3b63d39-f355-45f4-8293-79358f0827b2'),('b09fd143-8b30-4350-8c31-fd7f4e01c39c','L',113402,'506756ab-2813-4e82-a09c-8242628b58e5'),('c33f4471-09be-474e-b6bb-d3ba5a822e96','S',121104,'43fda3d2-ab46-4978-84e3-de34a4046827'),('d2847513-a1a3-40ce-a13b-1ed64d941ef3','XL',165501,'43fda3d2-ab46-4978-84e3-de34a4046827'),('b043d7e0-e446-4600-a976-58e79f89c03d','XXL',218584,'43fda3d2-ab46-4978-84e3-de34a4046827'),('e1623b85-3938-4df2-8533-9b195bb36bfe','M',237400,'8c1b1a99-8276-4be6-98b2-0ae1778d17e1'),('f1b0cb69-1eb0-424c-b803-0ec9d9f917a0','XXXL',106951,'8c1b1a99-8276-4be6-98b2-0ae1778d17e1'),('def15a31-2e93-48f7-871d-af6abd32c2be','L',173788,'51b975d8-afa5-4211-a8b0-fe6fa9f19601'),('316b33ce-885b-4554-b8f4-56dc79d8ed02','XXL',155112,'51b975d8-afa5-4211-a8b0-fe6fa9f19601'),('be64f788-c765-4e22-b5c8-7068de4a7d64','XXL',58496,'2c6c5cba-249b-4057-b283-3580132912ba'),('3f43dfbc-a441-431d-a9ce-1849d688dc04','XXXL',176225,'2c6c5cba-249b-4057-b283-3580132912ba'),('d881e252-9549-4601-8425-bfa94ae6e4d8','S',138532,'704e2af9-70ef-48f4-b16a-1a7591e3a42a'),('b03bc08b-1aaa-4814-a399-cd031ac6fb30','M',54538,'704e2af9-70ef-48f4-b16a-1a7591e3a42a'),('180b7a8d-b53e-4efa-93a8-7ddd8d8de80f','XL',128810,'704e2af9-70ef-48f4-b16a-1a7591e3a42a'),('9a2a3336-df02-42d6-84d7-2baf15e54b1e','XXL',199881,'704e2af9-70ef-48f4-b16a-1a7591e3a42a'),('58b1fdc0-2b56-4efd-b5a5-6586fa3108cf','XXXL',74827,'704e2af9-70ef-48f4-b16a-1a7591e3a42a'),('1a26639d-1b2d-4343-9dc5-f2673bb81a11','L',192963,'b1e3237b-783a-44de-9a9f-396280127f95'),('fdc566e8-814d-4518-bf30-fd66ad93082f','XXL',57193,'b1e3237b-783a-44de-9a9f-396280127f95'),('0f33a1ca-a02f-43a2-98fb-33c7d2c700a1','S',205514,'5e91dd0f-0c69-496b-9eaf-3b7707fcfdca'),('bf635bb2-c8ba-447c-aac8-6827adc3e71e','M',150560,'5e91dd0f-0c69-496b-9eaf-3b7707fcfdca'),('7b8052cc-09a2-4d9e-8455-25bc51043ee7','L',187356,'5e91dd0f-0c69-496b-9eaf-3b7707fcfdca'),('b2f697d8-e600-4b26-af15-88a6cb8d270b','M',138332,'7086848e-df35-41a7-9f43-bffc55d7a113'),('76123657-65f5-4b41-b18e-835be3e40424','L',192926,'7086848e-df35-41a7-9f43-bffc55d7a113'),('e35f61e3-aa0c-4ce2-bcad-783bee0c63a7','XL',87193,'7086848e-df35-41a7-9f43-bffc55d7a113'),('0b67f7c2-425d-416a-baed-c422f6ce6af8','XXXL',164050,'7086848e-df35-41a7-9f43-bffc55d7a113'),('b36fcbc0-c1fb-4b3c-bb73-b2b1d2246d2d','XL',184846,'465c689c-9e54-4fb1-82a2-7b34eedcdde1'),('3a1344ac-0637-40c0-93b0-f721aae1f73b','XXL',133736,'465c689c-9e54-4fb1-82a2-7b34eedcdde1'),('0229af8e-cc35-497f-9107-9e37c4177777','XXXL',217401,'465c689c-9e54-4fb1-82a2-7b34eedcdde1'),('1f3004bf-c979-4348-a595-54ecec2ba0a8','S',241923,'e2dca543-ffa0-462b-9788-17fb09cc521d'),('df910f84-5169-4e5c-9aa7-4d48059ce263','L',155197,'e2dca543-ffa0-462b-9788-17fb09cc521d'),('fdd1dd9b-9b31-446d-a898-de976d890fe8','XXXL',98725,'e2dca543-ffa0-462b-9788-17fb09cc521d'),('db70eeb6-d406-4ee3-8c7a-18d2ee33c564','S',101888,'d4daa23a-5f11-4b84-988f-d2a98106b6fe'),('b71beeb5-13f0-4fd5-b3e4-25cb9138bb1d','XL',58208,'d4daa23a-5f11-4b84-988f-d2a98106b6fe'),('d83e6c33-a9ed-4d70-be6d-6ddbc0bb8450','XXXL',225272,'d4daa23a-5f11-4b84-988f-d2a98106b6fe'),('94beb4ba-5786-4080-a00b-1bcf7316752f','L',97681,'c9e7c395-16b4-4024-8c10-c4e8a25babe8'),('adb86067-272b-4a25-a52d-f461cc3f4af3','XXXL',170030,'c9e7c395-16b4-4024-8c10-c4e8a25babe8'),('3bbc18ef-c37a-4f7f-87eb-089535d1bb56','S',218044,'15388559-49bc-4000-bf37-b216b67c0828'),('5bd0520e-ae26-456b-b615-af1aa60cbafc','XL',56258,'15388559-49bc-4000-bf37-b216b67c0828'),('409e9666-76f2-4a0d-b343-4099f0490b4f','XXL',197466,'15388559-49bc-4000-bf37-b216b67c0828'),('cddf90c6-03b6-4661-ba44-a0eaf236e5a3','XXXL',217988,'15388559-49bc-4000-bf37-b216b67c0828'),('2bb6c6d3-b922-4343-8a77-a0d0ea8552b1','S',64221,'26c458b8-8352-4e46-b765-8f0dc5b388c7'),('f59228f2-c58a-4269-89cc-b36159729974','M',173136,'26c458b8-8352-4e46-b765-8f0dc5b388c7'),('620ed254-c1bc-46c0-ae1c-9990ec1ebb15','XL',52099,'26c458b8-8352-4e46-b765-8f0dc5b388c7'),('d88253dc-7ee2-4546-92f2-aaf903dbf350','S',147680,'a386b8cd-2264-4e5d-8375-afdbea7fe45e'),('63a7f366-bbe8-4b08-8193-0a55a036563e','L',111464,'a386b8cd-2264-4e5d-8375-afdbea7fe45e'),('f26a3b8d-f66a-402d-9a7d-4e2aa070786b','XL',52953,'a386b8cd-2264-4e5d-8375-afdbea7fe45e'),('a4516ccb-5797-41ec-91ea-4846a0156582','XXXL',223548,'a386b8cd-2264-4e5d-8375-afdbea7fe45e'),('3f7f6625-f273-4023-b46b-6ab4868952b5','S',77164,'de12b753-0ef4-4518-9a89-15c7f7ae1be3'),('bda0e8c3-af7a-4d9c-a2b4-1e34f23f7a0a','L',248085,'de12b753-0ef4-4518-9a89-15c7f7ae1be3'),('ea4753bc-f124-4b57-b8f3-4cac57f2a015','XL',139327,'de12b753-0ef4-4518-9a89-15c7f7ae1be3'),('f4663d2c-f6ac-4e1f-8995-5c56081cc26b','S',204137,'c6edd1d8-8043-472d-a385-260e9b1b60fe'),('a2cfcb4d-a3da-4f6e-b6a1-6d014c77c919','M',145846,'c6edd1d8-8043-472d-a385-260e9b1b60fe'),('dafe3238-3f7d-489b-8d3a-dcfc2946b63f','XL',85701,'c6edd1d8-8043-472d-a385-260e9b1b60fe'),('07c37a5a-db02-4db8-a964-6353d7c0a68e','XXL',198139,'c6edd1d8-8043-472d-a385-260e9b1b60fe'),('bf2446a0-d19d-4c26-a28b-70251b505d27','XXXL',91765,'c6edd1d8-8043-472d-a385-260e9b1b60fe'),('4ec2f3cf-b7b9-4c8b-9ecf-31c782a4c7ba','M',135507,'4862e37c-9732-41ab-b777-575b43493dcc'),('410aa94b-16e6-4278-ab2a-52d34f32093f','L',97651,'4862e37c-9732-41ab-b777-575b43493dcc'),('5858b9b4-f757-44fb-89e2-4a681d211935','XL',203011,'4862e37c-9732-41ab-b777-575b43493dcc'),('4ac84b00-6d46-431e-bcb6-d3d88c917d96','XXL',113107,'4862e37c-9732-41ab-b777-575b43493dcc'),('619d1d14-e57b-4066-91e6-e9469d791d6f','XXXL',146595,'4862e37c-9732-41ab-b777-575b43493dcc'),('ce21b42d-5cae-43ac-bdc9-f2ff6d3698d9','S',61412,'53a1a95a-a349-4f22-960c-eaac496aa30b'),('f56a0b23-0064-4e0e-b51d-37ed91063d7d','M',145679,'53a1a95a-a349-4f22-960c-eaac496aa30b'),('f1a560c7-08b9-43f3-b9ea-d63eb73c6560','XXL',116327,'53a1a95a-a349-4f22-960c-eaac496aa30b'),('544cdd10-56a0-4f32-b584-6ef6108110e7','S',200455,'4c222e5f-edd7-4fe2-a95b-7b3675f51876'),('52d4ec89-6c21-486d-b93d-6199e2ffde59','L',109755,'4c222e5f-edd7-4fe2-a95b-7b3675f51876'),('5c7e6863-3849-46af-b808-2c2bc2cd3bc8','XL',94789,'4c222e5f-edd7-4fe2-a95b-7b3675f51876'),('0215427b-6cb9-4d9f-97b3-def8bf77f865','XXXL',80952,'4c222e5f-edd7-4fe2-a95b-7b3675f51876'),('1016638e-24e5-4f07-a065-29fd8f5f0df6','S',190298,'5f08d9f1-0c02-42ca-ad9e-40d87f647316'),('24cb4939-1532-44b3-9db6-a908bac15056','M',86380,'5f08d9f1-0c02-42ca-ad9e-40d87f647316'),('e39a39fa-0bcb-4177-910d-098ee5179cb7','XXXL',219307,'5f08d9f1-0c02-42ca-ad9e-40d87f647316'),('dfd7e04d-fec9-4adf-b9b9-73cff3616ca0','S',232432,'9be4b17d-28f3-49ff-a08a-2dc92ca56a25'),('e842ce86-ce4b-4611-90a9-cef0b8db379b','M',132227,'9be4b17d-28f3-49ff-a08a-2dc92ca56a25'),('aa0430f0-81a1-41e7-b0f8-05097e3710ea','L',76255,'9be4b17d-28f3-49ff-a08a-2dc92ca56a25'),('85905099-b739-485c-9f67-1057cf385e55','XL',197484,'9be4b17d-28f3-49ff-a08a-2dc92ca56a25'),('faed520f-4964-4b5b-a542-ae4aa4418a75','XXXL',51777,'9be4b17d-28f3-49ff-a08a-2dc92ca56a25'),('1490269c-2124-4858-afca-dfac866b9a3b','M',107984,'95e7a9bc-60e6-49cf-9aeb-f622aa34e287'),('d6286f1b-42d8-481c-ac1e-2e03a780b67c','L',139691,'95e7a9bc-60e6-49cf-9aeb-f622aa34e287'),('586f3f21-e57d-4893-af58-a682732606ea','XXL',223368,'95e7a9bc-60e6-49cf-9aeb-f622aa34e287'),('07fe2b5f-b52b-42ac-a086-876790b1d9b9','S',105522,'8f43ba09-d028-4612-b027-d99d2fa201a2'),('a5279cd2-80b0-45dd-9919-bcb8c640ff1b','XXL',51377,'8f43ba09-d028-4612-b027-d99d2fa201a2'),('a5bc36ac-f967-49cb-b304-d55d6f2888e8','S',197477,'ca3d9195-09b5-4e8f-9cbe-856479800416'),('81e74890-5eed-4e2a-acfa-4874fcd6ceb4','XL',203536,'ca3d9195-09b5-4e8f-9cbe-856479800416'),('2fed9603-3e33-4c5f-8cca-593038df885a','M',59141,'bc00089c-ef7c-4bac-afd9-9fa6c9e78467'),('097f4afc-15a2-444a-b640-62a5fd23fd6a','XXL',158847,'bc00089c-ef7c-4bac-afd9-9fa6c9e78467'),('5991b2a2-4cd5-4d25-815f-d6cbabd4ea10','XXXL',163411,'bc00089c-ef7c-4bac-afd9-9fa6c9e78467'),('2de1c988-825f-4776-b034-044bf8f0b7f2','S',77704,'b133bbe6-a6fe-4ac0-86ce-98cbfa315e56'),('b5d7c815-42e6-4b58-852b-fa7ac7e53034','M',105320,'b133bbe6-a6fe-4ac0-86ce-98cbfa315e56'),('e501bce2-4c18-488f-a604-59b73c3facfe','L',89488,'b133bbe6-a6fe-4ac0-86ce-98cbfa315e56'),('0e1b9c3e-b890-4017-b714-64e8c2bfbf84','XXXL',129231,'b133bbe6-a6fe-4ac0-86ce-98cbfa315e56'),('b7b0d6e6-a73c-4aa7-8fdf-a34246345886','S',226422,'decf7112-280b-472d-88a3-1b11efc58161'),('3c9c4424-e84c-490f-95da-01d94b7bebbe','L',147162,'decf7112-280b-472d-88a3-1b11efc58161'),('d3bd3c61-1243-4633-bd61-032c69555b73','XXL',103627,'decf7112-280b-472d-88a3-1b11efc58161'),('cc78f2b6-6591-4fc7-98a2-be6c5b901b5c','XXXL',156861,'decf7112-280b-472d-88a3-1b11efc58161'),('7e083899-66b1-4c82-9856-c1219eccdb7f','S',207620,'44a4e1c9-d911-4d07-82b2-6d0fec479434'),('13cf57d2-a18e-4dbd-a51a-6b570b6a072a','M',112004,'44a4e1c9-d911-4d07-82b2-6d0fec479434'),('251deea9-9293-442e-924f-63b59cfaae12','L',147189,'44a4e1c9-d911-4d07-82b2-6d0fec479434'),('2891c087-780c-416a-a735-cdf687b2fe60','XL',175083,'44a4e1c9-d911-4d07-82b2-6d0fec479434'),('f4feb80d-762f-4472-89d4-7a3540f33831','XXL',220478,'44a4e1c9-d911-4d07-82b2-6d0fec479434'),('ed792ddb-edca-488d-9622-edbc3dea31d8','XXXL',158263,'44a4e1c9-d911-4d07-82b2-6d0fec479434'),('01b949c8-23d5-4e6c-8767-04a58c694f6a','S',53946,'871113a2-f845-49e9-a79f-496c622070d2'),('a07ac5f2-2d72-4b67-a788-93084e888e5e','M',116543,'871113a2-f845-49e9-a79f-496c622070d2'),('d6ef41be-0407-4f08-b615-76b5a3aa66b2','L',83620,'871113a2-f845-49e9-a79f-496c622070d2'),('eb24a6bf-36ea-4cc5-88f3-206842276ca1','XXXL',96322,'871113a2-f845-49e9-a79f-496c622070d2'),('20dd9397-ca68-4307-9d65-165c5b37b7cc','S',178391,'0f89d152-ba44-4d71-ac33-3bf217a433ad'),('38201890-9a27-496d-96be-c4dbab081f83','M',82316,'0f89d152-ba44-4d71-ac33-3bf217a433ad'),('dfaabd3f-f4de-4b00-9a04-c35c2407e995','XL',78951,'0f89d152-ba44-4d71-ac33-3bf217a433ad'),('0ea9d5eb-1424-49c9-88e4-5abb547e583a','XXL',197575,'0f89d152-ba44-4d71-ac33-3bf217a433ad'),('a6fdb059-80cc-4af8-8365-d78420a18c7e','XXXL',242342,'0f89d152-ba44-4d71-ac33-3bf217a433ad'),('9a29eea5-9b9e-4be7-b68d-cba2b361155a','M',87316,'1e426bbb-6c55-4487-b8d4-63a7591fcc07'),('53427946-d697-4225-9960-d31d00ba228f','XL',76715,'1e426bbb-6c55-4487-b8d4-63a7591fcc07'),('b0080e73-c44c-46cd-8676-7852741b1fcf','XXXL',123620,'1e426bbb-6c55-4487-b8d4-63a7591fcc07'),('1566824f-3718-4aa7-bb33-651ad7462051','S',224348,'695d722e-4210-4cae-a840-670cc9d4db38'),('7dd1771f-5764-485f-ba8d-72cf1c105744','M',216780,'695d722e-4210-4cae-a840-670cc9d4db38'),('4f1dfe1e-3576-442f-adc5-7b1668c7adf4','L',50633,'695d722e-4210-4cae-a840-670cc9d4db38'),('1f8671c4-8126-4718-ab9a-9ab460b36756','XXL',208860,'695d722e-4210-4cae-a840-670cc9d4db38'),('9e16792c-ebfe-4b83-ac14-74a9c692f968','XXXL',114325,'695d722e-4210-4cae-a840-670cc9d4db38'),('876b03b4-8bf9-4c44-a606-c341391b9cba','XXL',150746,'fd337d83-c84e-4895-ad3e-11f81253d7e2'),('0037bd8a-de16-4a6f-8279-7f290a92027b','XXXL',82527,'fd337d83-c84e-4895-ad3e-11f81253d7e2'),('3d091f02-7eee-4a7e-97e4-049d4278db4b','S',75773,'f7978254-9a1d-4cd0-869a-b3bc41078637'),('268f83cc-d93e-4f23-9888-20f5c286665f','M',127040,'f7978254-9a1d-4cd0-869a-b3bc41078637'),('e3211ac0-5287-4f3a-9894-3a725acdaf7b','XXL',190372,'f7978254-9a1d-4cd0-869a-b3bc41078637'),('23183448-b23f-4e7f-bebd-dc8e9c961be1','XXXL',199307,'f7978254-9a1d-4cd0-869a-b3bc41078637'),('ab7bf387-1878-4c25-887d-baf2f813ee83','S',110066,'2511a553-d1df-417f-bb05-1801c09e1f92'),('ff698094-4b3a-45d0-a5c0-82946e3dbb97','XL',182594,'2511a553-d1df-417f-bb05-1801c09e1f92'),('8f064131-4b85-471b-b072-90ed2b923608','XXL',241223,'2511a553-d1df-417f-bb05-1801c09e1f92'),('7509c047-ddb4-4d7d-8361-8a26ba0cd603','XXXL',178710,'2511a553-d1df-417f-bb05-1801c09e1f92'),('a96b2c80-2586-41bf-b081-78849b503c53','S',102055,'26ae6e23-3ce8-4ac6-a59d-0f06c5b3987b'),('020704ef-de3f-49e7-b597-aeae8216dbd6','M',97562,'26ae6e23-3ce8-4ac6-a59d-0f06c5b3987b'),('9cd0fbef-d4dc-4525-81bd-8521e5e9c25e','XL',129128,'26ae6e23-3ce8-4ac6-a59d-0f06c5b3987b'),('991cd71f-f44a-4259-afd5-a715e84965ff','XXL',195721,'26ae6e23-3ce8-4ac6-a59d-0f06c5b3987b'),('a40dc7fc-8d91-419b-9ed7-c55fdd1a6b79','XXXL',134534,'26ae6e23-3ce8-4ac6-a59d-0f06c5b3987b'),('cb7aa76f-d0d5-4daa-acdb-15dd4a68b51b','S',56764,'e92ea038-4937-4fe3-bbb7-0fe1ff719006'),('67bb93b4-c047-4806-b5b0-e014d8573702','S',225258,'4e3d4fda-24f2-4a9c-8c8f-bc1ae31a93cd'),('58556f16-2e5f-42e0-a420-38c52e079a40','XXXL',162248,'4e3d4fda-24f2-4a9c-8c8f-bc1ae31a93cd'),('11370bc6-06af-406d-a5c2-562b071b54d9','S',229887,'65a18cb9-161d-48be-b081-fdd3c25e908e'),('026d5ba5-2da9-4ba2-b8fd-f36b6744ff48','XXL',95008,'65a18cb9-161d-48be-b081-fdd3c25e908e'),('755626d5-ad96-428c-805c-bef817296a9a','XXXL',220391,'65a18cb9-161d-48be-b081-fdd3c25e908e'),('b658d6e7-df8b-424e-811a-a666791c8591','S',154000,'06772a68-f632-4d4a-b307-5656cd6d51b3'),('8cbc3968-998e-4b9f-b252-230e0f1e36ac','L',63134,'06772a68-f632-4d4a-b307-5656cd6d51b3'),('377680e1-ec47-4178-a24e-7c1028feb718','XL',81349,'06772a68-f632-4d4a-b307-5656cd6d51b3'),('ca90ab60-302a-4465-9e7d-717cd0d38b13','XXL',178492,'06772a68-f632-4d4a-b307-5656cd6d51b3'),('7d90cfa6-a59c-47ec-9da2-92f222977dc8','XXXL',219764,'06772a68-f632-4d4a-b307-5656cd6d51b3'),('09b92bba-cab5-45e6-90bd-1ac572550637','S',215355,'367e4cab-ab77-47e3-8b14-ff3254fbe1fc'),('30566064-cfb0-4920-992d-4e3d65e82e0a','XL',106196,'367e4cab-ab77-47e3-8b14-ff3254fbe1fc'),('8f140818-bb0c-4cd8-9139-81792f229227','M',81637,'184d6c5a-86b2-4e0c-bf2b-83d48776bf78'),('6866c44f-b787-4f6a-bd2c-8edf9333b358','M',66304,'485631c3-0458-40c3-a271-5ff2e2ea5c63'),('0bec28ca-9cd4-43e8-901c-4bb298ce9fcf','L',149267,'485631c3-0458-40c3-a271-5ff2e2ea5c63'),('e19ca771-2519-4013-a3ac-e76a3cbf3423','XL',239477,'485631c3-0458-40c3-a271-5ff2e2ea5c63'),('212277fb-ac35-4472-915e-918dedb1330c','XXL',191231,'485631c3-0458-40c3-a271-5ff2e2ea5c63'),('321c029d-1330-4054-a5b1-a92dcb36607d','XXXL',196588,'485631c3-0458-40c3-a271-5ff2e2ea5c63'),('88cdf484-987d-4ff7-a893-8e21d09d662f','S',246254,'829a0eec-8c5d-4f0b-a05b-f7a14bac96a1'),('e1f0bbad-4d6f-4cff-b999-52dfb192f0d5','M',93929,'829a0eec-8c5d-4f0b-a05b-f7a14bac96a1'),('2771d464-da68-485e-b659-148aba4f9b33','L',248514,'829a0eec-8c5d-4f0b-a05b-f7a14bac96a1'),('dd8d5f67-1d5e-4c56-a241-f95646d5cf62','XXL',121497,'829a0eec-8c5d-4f0b-a05b-f7a14bac96a1'),('73e8db78-5df5-4987-8f57-bb48f8ecdd28','XXXL',208434,'829a0eec-8c5d-4f0b-a05b-f7a14bac96a1'),('4c005575-db72-40a2-b736-64815318def0','S',215169,'9f3d1d7c-32b4-4df0-be51-b7e19829afd6'),('85714971-1310-4710-b49a-0035bc0b5c2e','M',140581,'9f3d1d7c-32b4-4df0-be51-b7e19829afd6'),('585ed162-cf3f-4d8b-b086-c689b80ddd44','L',157824,'9f3d1d7c-32b4-4df0-be51-b7e19829afd6'),('2fe390a7-8b1f-4092-abc6-373c7774cfb2','XL',99333,'cb5f0e0c-7193-4fe6-aba9-1a77c70565bb'),('feee9259-48c4-432d-bf35-3f7b7716d4e2','XXL',182587,'cb5f0e0c-7193-4fe6-aba9-1a77c70565bb'),('9b8bc3d2-7807-4b77-9eba-43aea10f7b0b','XXXL',90819,'cb5f0e0c-7193-4fe6-aba9-1a77c70565bb'),('196e0bfe-5b6b-45e4-b1ac-17e3ff090d67','S',163010,'51aca983-2bad-4466-ab59-c2673fcd2997'),('18e9078c-f993-4b50-8bbd-88bc57554b0d','L',113107,'51aca983-2bad-4466-ab59-c2673fcd2997'),('d6846cd4-a987-4a18-a14e-7e6fcfd990bf','XXL',235397,'51aca983-2bad-4466-ab59-c2673fcd2997'),('f35c478d-bbdb-4f76-b19f-5dd35ddbf409','XXXL',164286,'51aca983-2bad-4466-ab59-c2673fcd2997'),('ef53c55a-8547-40e8-9d69-678c6e3e2ad2','M',81960,'18612e9e-5b73-4b41-90a1-a7f97e0b1a7b'),('74c074ca-b219-4f52-b17f-6bdc979501e5','L',225744,'18612e9e-5b73-4b41-90a1-a7f97e0b1a7b'),('37d90b53-6fdb-4f85-926c-3fb058f64725','XL',246868,'18612e9e-5b73-4b41-90a1-a7f97e0b1a7b'),('7b4201c4-8610-46d2-a39c-4811fdfe249a','S',98900,'cf165ced-716c-4924-8f36-d1460d4ac14d'),('756845e9-0114-4270-ac90-b6a994c650a9','XL',97750,'cf165ced-716c-4924-8f36-d1460d4ac14d'),('ba74b308-81e4-47e9-b0b9-0793f1077f25','M',223751,'c0a93606-5f64-467d-8a83-3dbf53ae4f04'),('d456c829-a992-47a2-bc9f-37014a5fd963','S',121028,'5e1254a1-8f7a-4efa-bd50-a44ef00ebcfb'),('7661faaf-acbb-452d-a1a9-1c119369a838','M',239124,'5e1254a1-8f7a-4efa-bd50-a44ef00ebcfb'),('1a318617-ed17-44ec-baf4-f0fa907a882e','L',162312,'5e1254a1-8f7a-4efa-bd50-a44ef00ebcfb'),('6146fe0c-9298-4942-a891-3fdb57837e74','XL',149895,'5e1254a1-8f7a-4efa-bd50-a44ef00ebcfb'),('3df47f74-f514-476e-9d60-a510098660eb','XXXL',152388,'5e1254a1-8f7a-4efa-bd50-a44ef00ebcfb'),('d11b5728-4d83-4684-81fa-a29561f34001','M',91126,'d2139b12-9534-4abc-8a7f-01f45f0b0f05'),('332a5c91-c46b-4113-99c2-0a5637824b25','L',224582,'d2139b12-9534-4abc-8a7f-01f45f0b0f05'),('56645885-8587-4b2a-a92c-e57a849a39e1','XXL',244675,'d2139b12-9534-4abc-8a7f-01f45f0b0f05'),('d1b70f89-f6a4-4ae3-8ead-dcd303467958','M',216163,'fec9d356-fe08-420d-a14b-2183b1f35402'),('c4cae961-556b-4a41-af9a-0e425fd4f733','L',56531,'fec9d356-fe08-420d-a14b-2183b1f35402'),('eb20bc1b-9528-4464-a18d-3aedf7d71f3f','XL',168200,'fec9d356-fe08-420d-a14b-2183b1f35402'),('7fa569af-90eb-4b38-944b-66166d240e2f','L',163922,'c7a355c0-9e55-4c7f-b840-8495bf507ed2'),('5f794c4a-3730-48e5-9fb8-125a29cacfbd','XL',93354,'c7a355c0-9e55-4c7f-b840-8495bf507ed2'),('81f666fb-d489-406a-8fce-94d052b99ca0','S',247198,'c2d8eeb9-342d-4897-8059-9d76c28b46fd'),('fc5901b6-79ea-4650-b073-587481ce2f9b','M',82083,'c2d8eeb9-342d-4897-8059-9d76c28b46fd'),('76fa961f-288e-4344-8252-cb13922763ce','L',211423,'c2d8eeb9-342d-4897-8059-9d76c28b46fd'),('bfee75ba-4373-4c83-828a-7d65cc662def','XXL',174834,'c2d8eeb9-342d-4897-8059-9d76c28b46fd'),('1ae0e5fb-b709-4a52-b997-38f861be265b','S',184653,'52932fec-5920-4ae0-bf02-a4d6a685819e'),('4f6ddc5f-f540-41a8-9b56-3790dde75934','XL',194121,'52932fec-5920-4ae0-bf02-a4d6a685819e'),('5726e9d1-a231-4c13-9a8d-6d4e80f5201a','S',202458,'1539cd69-eb4f-4e34-abd3-82284f7df4fd'),('aba93c8f-e54c-4f81-bbb0-1100ef7dee09','XXL',113659,'1539cd69-eb4f-4e34-abd3-82284f7df4fd'),('2b6ce561-1b68-4572-9796-e660d29cb893','XXXL',178350,'1539cd69-eb4f-4e34-abd3-82284f7df4fd'),('c291656b-f382-4932-b29d-19ffec949ebf','M',98084,'2d812b19-24cf-4df0-9c3f-75b08391643a'),('8d84383a-fa8c-4016-8061-f451a9eb7d74','XL',58973,'2d812b19-24cf-4df0-9c3f-75b08391643a'),('f570b32d-a0a2-4f4a-82a2-a106e7d340f1','XXL',106689,'2d812b19-24cf-4df0-9c3f-75b08391643a'),('5f9cb0e8-9f25-44fc-8c9b-b560ef7195c6','L',236997,'047114c7-87cf-479d-963a-bc4976289539'),('476739bb-1b2b-463d-b38a-93be177b8a4a','XL',51231,'047114c7-87cf-479d-963a-bc4976289539'),('b3cd73a6-c1c4-4989-9ce8-870d7b70eb11','L',199630,'a50c8aa0-be67-4bd7-ae1f-f651b22c022d'),('b630e899-9ba4-44a3-a6f4-801c6d6d9900','XXL',221616,'a50c8aa0-be67-4bd7-ae1f-f651b22c022d'),('8e054e6d-12f7-4322-a14c-45ec1ba6e4bf','S',196721,'b0e8cf54-5b43-4d53-bec0-3ea53c430e22'),('e1d20b14-558d-4d98-93c1-b42bbf2ab77f','M',240524,'b0e8cf54-5b43-4d53-bec0-3ea53c430e22'),('bcd30260-f6f5-4aad-adae-f8f4431d547b','XL',57588,'b0e8cf54-5b43-4d53-bec0-3ea53c430e22'),('bdae66e8-eb31-49e7-9c6c-3c47fb986951','M',90768,'c14078be-ee11-4dce-87b6-2ea0efcb0298'),('b49b1e94-e8d5-475a-8965-c7900d82e005','L',64136,'c14078be-ee11-4dce-87b6-2ea0efcb0298'),('247029aa-9a03-4d7b-8733-5218b8579e02','XXL',63005,'c14078be-ee11-4dce-87b6-2ea0efcb0298'),('67617abd-2c8d-414c-9553-73eb9c62d18e','L',104441,'138c1d8c-0ba3-416d-98df-10b7a396e7b0'),('b311082b-8f4e-4c18-8e42-be85960eb001','XL',192051,'138c1d8c-0ba3-416d-98df-10b7a396e7b0'),('554c3887-84e6-4df7-a047-f5144aef35b5','XXL',51594,'138c1d8c-0ba3-416d-98df-10b7a396e7b0'),('38cc244a-04df-46e5-b28e-df5220159379','M',159569,'28c13c5e-7251-4415-bf59-c2c3a66417d2'),('5aa95085-7fe0-4881-9c76-2b457a0188d2','L',134606,'28c13c5e-7251-4415-bf59-c2c3a66417d2'),('f268ecf4-23f6-4e67-9e6b-7ed805fae56d','XL',179982,'28c13c5e-7251-4415-bf59-c2c3a66417d2'),('ddd4887b-ef40-4aaa-aee0-c5c3dd008d05','XXL',85457,'28c13c5e-7251-4415-bf59-c2c3a66417d2'),('881ef456-bbd5-4be0-b87c-a905294242a0','XXXL',119362,'28c13c5e-7251-4415-bf59-c2c3a66417d2'),('c97df680-9f65-416d-81cd-5acf2ff93ba8','S',216138,'f75d0813-da3b-4ca3-bf7d-afc0a4ef0a38'),('a286e5d2-eb39-4537-8895-c29d14810d4f','M',94192,'f75d0813-da3b-4ca3-bf7d-afc0a4ef0a38'),('5f3d20f2-974b-4584-81c5-97a8c43d8482','L',237283,'f75d0813-da3b-4ca3-bf7d-afc0a4ef0a38'),('e268b644-fcfb-47ab-87a1-4d59c645e9a4','XXL',125051,'f75d0813-da3b-4ca3-bf7d-afc0a4ef0a38'),('8418f2e4-e7bf-4f97-ae7b-11380e340b0f','S',118688,'360d858b-1787-45dc-beab-c13f1bc0d968'),('66db9511-6d0c-42c1-8dd9-ae729d7d9fdd','L',130133,'360d858b-1787-45dc-beab-c13f1bc0d968'),('53d7fcf3-197a-4559-b0d7-5190f4bcc321','S',65336,'49c4ff73-4aa0-454c-8ab3-fa2671930c3b'),('659d696d-c561-496f-9259-22763caf5398','M',134764,'49c4ff73-4aa0-454c-8ab3-fa2671930c3b'),('eb271ddc-0522-47df-b67b-7c6772ea38a3','L',56197,'49c4ff73-4aa0-454c-8ab3-fa2671930c3b'),('46c4f8bf-1207-4ca3-9bec-b3ec30564085','XL',235883,'49c4ff73-4aa0-454c-8ab3-fa2671930c3b'),('bc8c1c2a-aa4a-4cba-9a02-46c50516f98c','XXXL',60090,'49c4ff73-4aa0-454c-8ab3-fa2671930c3b'),('60f59120-2e8a-49c8-b64d-f96e82674995','M',238693,'69261eb1-7a9a-47db-b558-49877d474b9b'),('a08fe2df-1331-4df4-aa5a-ed1591a01fbe','L',60899,'69261eb1-7a9a-47db-b558-49877d474b9b'),('52f65494-fa2f-468f-926d-a5d538e76b7e','XXL',247513,'69261eb1-7a9a-47db-b558-49877d474b9b'),('a2fa936e-c347-44d7-a0d7-ff4005290527','XXXL',64519,'69261eb1-7a9a-47db-b558-49877d474b9b'),('100b31a1-a1cc-4d50-b486-389fcbbea916','L',84348,'a58adaef-fecc-4985-9533-1a958cf33c9f'),('1ad4e422-7986-4a58-b421-9ee56f81a581','XXXL',121643,'a58adaef-fecc-4985-9533-1a958cf33c9f'),('65783dab-b267-453a-bcc6-3eb72ac1685b','S',152874,'cde56d3f-2fb0-4067-abce-279211357e0b'),('1cb6a9db-f31b-4365-9e4a-db112515471c','M',219596,'cde56d3f-2fb0-4067-abce-279211357e0b'),('3bdae2c6-b7ca-4562-a9d5-29a8530b70da','L',166240,'cde56d3f-2fb0-4067-abce-279211357e0b'),('226a3ae0-7bdb-4b21-97ca-c5837bbf2832','XL',220159,'cde56d3f-2fb0-4067-abce-279211357e0b'),('1a22a86b-8313-45ab-98a1-18bc8b6ee4a7','XXL',133498,'cde56d3f-2fb0-4067-abce-279211357e0b'),('6ac6129a-105a-4933-8689-5952b5be94a3','L',155746,'46988ecc-e0d5-429f-9cfb-290a15d9529b'),('dca12df0-377e-48fe-9459-e43d14cae38b','XXL',142002,'46988ecc-e0d5-429f-9cfb-290a15d9529b'),('cd1e499a-4e9c-4ea0-8543-db390a39d7ce','XXXL',51318,'46988ecc-e0d5-429f-9cfb-290a15d9529b'),('95c7352a-5414-48ce-9987-1c28fd594343','L',228948,'9092f1d5-84e3-48b8-bcc3-dc54f2067494'),('c5a5224e-be15-4044-a835-f1446be90ca1','S',131606,'3b525c25-e9af-4331-b9e9-b2b3dd770184'),('9632f452-ab7e-4d57-98b9-7e6e1648b4cf','M',166664,'3b525c25-e9af-4331-b9e9-b2b3dd770184'),('0c6771e4-c3e5-4528-bc52-b107d4f77093','L',76887,'3b525c25-e9af-4331-b9e9-b2b3dd770184'),('f5649061-9160-42c9-8a5f-fe205ce11e1f','S',50503,'bfebd08f-c379-4944-b3e1-6341bbf78cef'),('427e864a-2252-4d0f-90e2-71abf6f8ddb8','XL',245769,'bfebd08f-c379-4944-b3e1-6341bbf78cef'),('1585cadc-ad1a-4fc4-b967-52c16b51775e','M',232974,'c6717ec9-8949-4ea9-aaa7-bfa68199bb58'),('3159c4da-c262-4401-95ee-016a741197c5','L',228342,'c6717ec9-8949-4ea9-aaa7-bfa68199bb58'),('6fc62033-1edf-4fa2-a327-bbe0b63b8c4a','XXXL',79599,'c6717ec9-8949-4ea9-aaa7-bfa68199bb58'),('f32e480c-5c7f-417d-a07a-61dd1912196b','XXL',172761,'9bb2e51d-7a06-47a1-902e-8702d5a1247c'),('790ddf6f-6c39-421f-93ac-6c1202dbb255','S',101387,'2f40c138-08a5-4702-9234-ba2350b2c4e5'),('7141d90b-1367-41ca-886b-ca1d462bd824','XL',174489,'2f40c138-08a5-4702-9234-ba2350b2c4e5'),('ffbc9b25-5108-41ad-933e-e7ec4291a63b','S',176867,'d3c63ec7-393a-4103-a8a8-15ecfd40eda6'),('9388bcb5-5fea-4b7b-8401-66fb15507c88','L',160790,'d3c63ec7-393a-4103-a8a8-15ecfd40eda6'),('f53b406d-e0e5-4642-bf32-ea1e35b125f5','M',111721,'4592eae7-9a06-47a3-ac75-646fb428a948'),('469389c0-e46f-4a9d-b86b-a1148c2a60b4','XXL',133613,'4592eae7-9a06-47a3-ac75-646fb428a948'),('9d25772b-a8b2-48e2-8545-0b5af68ab5d1','XXXL',227614,'4592eae7-9a06-47a3-ac75-646fb428a948'),('bae1841b-f3d8-4b15-8367-5db521feed39','S',143636,'326a2fcc-3e9b-456f-b23d-6609b32b6780'),('6ecdaebd-f251-478d-aa1f-3b3fd451edc9','M',138137,'326a2fcc-3e9b-456f-b23d-6609b32b6780'),('68570c7e-6b66-45ee-8688-a0af18ab89a4','L',176937,'326a2fcc-3e9b-456f-b23d-6609b32b6780'),('33d1fde0-b157-4cde-b8a2-2d1ef38914c4','XXL',191216,'326a2fcc-3e9b-456f-b23d-6609b32b6780'),('3289af46-b2d8-437e-a5aa-702142243bd6','XXXL',163485,'326a2fcc-3e9b-456f-b23d-6609b32b6780'),('31ef5e90-c568-4b79-85d3-1fe9089aba3d','S',225466,'85d620f8-fd26-4831-b6a6-a69546f960c5'),('d4670791-9e63-4ba9-9f6c-9779b9a613e9','L',133780,'85d620f8-fd26-4831-b6a6-a69546f960c5'),('04d17509-2654-4299-b6bf-fbb7e80eb3a0','S',109431,'e34992ed-0246-4ab8-9f04-7d0324e4ca89'),('e616a22d-0936-4135-8b7f-c3fa08999611','S',214799,'d72bfaf5-729e-4bc3-8cb8-6759c7d69e15'),('73e983c3-ca5e-4cd7-a947-aa6960ee4c69','M',184224,'d72bfaf5-729e-4bc3-8cb8-6759c7d69e15'),('72b86c51-abad-4f49-858e-6aafee87ef82','XXL',157639,'d72bfaf5-729e-4bc3-8cb8-6759c7d69e15'),('09d96169-01bc-4323-b1d5-22e24abb96e1','XXXL',88104,'d72bfaf5-729e-4bc3-8cb8-6759c7d69e15'),('b2ad9e13-029a-46a5-acd6-e25d93db7042','S',70606,'f533d832-e8bb-4268-b197-587452c06d68'),('9ca1fefe-b1dd-4fd1-9682-3b73c934df9c','L',149321,'f533d832-e8bb-4268-b197-587452c06d68'),('94fd00f6-b2ce-4d63-b831-bb6d3fa4b1f9','XL',154997,'f533d832-e8bb-4268-b197-587452c06d68'),('1edab8f8-fdc5-4b3c-8498-4a52c446f015','XXL',221636,'f533d832-e8bb-4268-b197-587452c06d68'),('b337ad8d-32ee-46f6-a67c-00daf6d9bc6c','XXXL',70083,'f533d832-e8bb-4268-b197-587452c06d68'),('40b7bca2-28b0-42f6-b740-ca12efa07d03','L',169388,'e19e6409-3ff5-4aaf-adc6-44f693ca6527'),('18d96f59-b296-41b1-a704-76717c487f14','L',163087,'9f1e8417-368e-49db-85c7-3ba5cb7b5c10'),('7680e8b6-004e-4aea-9087-f5dcf5080739','XL',203427,'9f1e8417-368e-49db-85c7-3ba5cb7b5c10'),('81b3fd0c-8c0d-4177-a971-75e7ec6eb541','XXXL',200293,'9f1e8417-368e-49db-85c7-3ba5cb7b5c10'),('8c717d7a-bf93-4497-a6cc-debe5dcf000d','S',237623,'9462da26-2983-490c-b252-e8c9ab0d9629'),('f926c24b-6ada-482f-be2e-d87d5b3146c5','M',212434,'9462da26-2983-490c-b252-e8c9ab0d9629'),('c25506bd-7198-4dea-87ea-c950deadf45b','L',114277,'9462da26-2983-490c-b252-e8c9ab0d9629'),('2313d1ea-62d2-493d-94fd-e0f8d7541390','XXL',160708,'9462da26-2983-490c-b252-e8c9ab0d9629'),('5d88feb1-dc3e-4271-8ad4-877ed2d6748a','XXL',208080,'7afaf60b-7a35-44c0-b980-26ad87968877'),('a57d18f8-b882-4adc-9c3e-a51f08bc8d45','XXXL',122074,'7afaf60b-7a35-44c0-b980-26ad87968877'),('c29d9c24-b9c7-48c7-b287-fdee55263e9a','S',228380,'3d1d91e2-0c75-4fbc-b32b-7d39112b650f'),('f1ec6b16-4cfd-4b03-be30-63cd5253e347','L',177209,'3d1d91e2-0c75-4fbc-b32b-7d39112b650f'),('294d11e7-3bef-4b21-957c-e1db7eb9695e','XL',167540,'3d1d91e2-0c75-4fbc-b32b-7d39112b650f'),('17cfcad9-d48e-437d-8e90-a7514b89e41d','S',145049,'8b4cbcb4-75ef-477b-91ba-84f62d41e8f1'),('6ebdd614-2e70-44db-82d6-33d829656a8c','XXXL',182873,'8b4cbcb4-75ef-477b-91ba-84f62d41e8f1'),('3e6dff6e-c52e-4849-b22b-4f3dbde3b0b1','L',177342,'3a351bfc-bbd1-422a-8111-5e94a91d1c13'),('5c67b1b0-ada5-4c4f-a9ad-8d8263362d3e','XL',226001,'3a351bfc-bbd1-422a-8111-5e94a91d1c13'),('dd3b151d-8123-4d65-883e-83c475160a29','XXL',114045,'3a351bfc-bbd1-422a-8111-5e94a91d1c13'),('7069cf0c-1efc-4e3b-969c-013490f9139c','XXXL',202435,'3a351bfc-bbd1-422a-8111-5e94a91d1c13'),('afaecf86-d54f-4a94-935d-3478e16657ec','S',71579,'efd199d2-4222-4651-8723-9a7e0ebb870c'),('188ef657-fabc-4ae7-b57e-66290c4e9037','L',130375,'efd199d2-4222-4651-8723-9a7e0ebb870c'),('141ab84e-c87f-41eb-b6cd-a34820416173','XXL',201433,'efd199d2-4222-4651-8723-9a7e0ebb870c'),('4c85b302-b465-4dc4-8fe4-442e65313f86','S',236262,'3249425b-ecfa-4d19-ae99-906ebcd4f0fb'),('a20be61d-43ff-4af1-80a1-6df42f5243a5','M',150543,'3249425b-ecfa-4d19-ae99-906ebcd4f0fb'),('bc84da5c-c3b8-40ed-b0b1-e9b7f58288cf','L',179678,'3249425b-ecfa-4d19-ae99-906ebcd4f0fb'),('18e983d2-b693-482b-87e0-b586f689d0c4','XXL',235200,'3249425b-ecfa-4d19-ae99-906ebcd4f0fb'),('797fcdc3-1fb5-484a-b048-ae331cf126e4','S',211916,'cf2945ff-7d84-43b3-acee-c61e533b250e'),('1215034e-6d44-4887-b8c0-a1f711dfd8fb','M',238907,'cf2945ff-7d84-43b3-acee-c61e533b250e'),('ee42fb05-bd7a-4835-a0c5-9da953b46b87','XL',102894,'cf2945ff-7d84-43b3-acee-c61e533b250e'),('e8c1f8bb-29eb-425e-8749-dbe9bbe2e5f6','XXL',207107,'cf2945ff-7d84-43b3-acee-c61e533b250e'),('eb314831-446f-4226-9361-221843eda065','XXXL',101258,'cf2945ff-7d84-43b3-acee-c61e533b250e'),('94941bd4-a893-42d7-89d6-bc131fdc670d','S',128616,'ac641c28-3685-4d1f-b973-161ef0d0b754'),('89d8cfff-c8dd-4986-825c-bfd9c2b1fa57','S',226222,'141d6a29-b74d-4fe8-8acb-d298c44457df'),('0d84b8bf-0633-4240-9b8b-db999d636d12','M',222156,'141d6a29-b74d-4fe8-8acb-d298c44457df'),('e0b38f12-e9de-4b0e-869e-f9a895be64e7','L',149056,'141d6a29-b74d-4fe8-8acb-d298c44457df'),('ad97938e-ac09-4d61-8aaa-3d29a9b7b30a','XXL',139741,'141d6a29-b74d-4fe8-8acb-d298c44457df'),('8a5a2989-7ef2-4b11-9aee-8e9b30286b75','XXXL',222345,'141d6a29-b74d-4fe8-8acb-d298c44457df'),('cc2f9f75-5f28-47b3-8ba0-f9755266542b','M',188916,'0a18376a-2f72-4f4d-98b3-1e0cd33ccc33'),('7d0eb24c-3676-442a-aee6-39c833f25058','L',238500,'0a18376a-2f72-4f4d-98b3-1e0cd33ccc33'),('855ec9b6-7abf-4a0e-862e-58f66f1f7480','XL',77413,'0a18376a-2f72-4f4d-98b3-1e0cd33ccc33'),('fc2452df-b98e-4972-bb4a-bb99ea59a542','XXL',155627,'0a18376a-2f72-4f4d-98b3-1e0cd33ccc33'),('6b5fdf1a-4b88-47dc-b60c-83d43a4b7d8e','XXXL',71669,'0a18376a-2f72-4f4d-98b3-1e0cd33ccc33'),('091076cd-30b2-4941-bf64-950cafb0e3b3','S',229920,'2dd911c7-c6f9-4db4-accc-426f91306ed0'),('8bfc615a-894e-45d5-8fb2-ae5a5f2b8842','L',89088,'2dd911c7-c6f9-4db4-accc-426f91306ed0'),('7258dc69-dfac-471a-9fd0-f7cf4730b01c','XXL',180685,'2dd911c7-c6f9-4db4-accc-426f91306ed0'),('4890d40f-f1e0-4ecf-97db-7bb074a5d242','S',94272,'8d075168-0c6c-4c33-ad20-83ee1c4cc44d'),('a47a0a9b-4ffb-4698-af20-e3612d8e7eec','M',68013,'8d075168-0c6c-4c33-ad20-83ee1c4cc44d'),('5a6ad223-ebdc-4ee4-97da-711af184c2ce','XXXL',227497,'8d075168-0c6c-4c33-ad20-83ee1c4cc44d'),('7eb86592-8c71-40a7-9ce4-b0a426ca26bb','S',214236,'d1b470f1-fbd6-45d1-9cbe-a64a790f1c97'),('71d9a7cd-a68c-4058-8af1-261eab327e48','L',128652,'d1b470f1-fbd6-45d1-9cbe-a64a790f1c97'),('1678096d-1c24-40ca-b6fe-0a4cb9f95814','XL',50724,'d1b470f1-fbd6-45d1-9cbe-a64a790f1c97'),('01dcf7bb-f69a-44a9-a15a-ca521b845f59','XXXL',138587,'d1b470f1-fbd6-45d1-9cbe-a64a790f1c97'),('b08729b8-ec82-4069-837a-ec3b68a6dc79','S',100505,'157eb1bf-0b6a-46be-b035-f6b8c27967ad'),('b1b85e91-52d8-4745-991b-099227b4c6e4','L',167644,'157eb1bf-0b6a-46be-b035-f6b8c27967ad'),('2dc255c0-1f57-491b-8621-6b2d7e4cc84d','XXL',104993,'157eb1bf-0b6a-46be-b035-f6b8c27967ad'),('940700bb-8ee0-4c57-8162-62e1c174b616','M',102308,'09b329e2-66f4-4edf-938a-b54b397b8ed5'),('b13e6ac2-fcd5-41a9-96ed-73b3a37e1677','L',115030,'09b329e2-66f4-4edf-938a-b54b397b8ed5'),('4f17be16-973e-4b5c-9390-cda365901d22','XXXL',149532,'09b329e2-66f4-4edf-938a-b54b397b8ed5'),('acb9e721-b3b4-4b11-ba47-3a4664dff223','L',63114,'76696854-7f7c-4ed9-950e-40d5462fd73e'),('75e67434-82d4-4cde-a65b-5367b1142a76','S',170835,'ea1944b0-4be2-43b5-8fb6-d8a633977c37'),('d46e9c12-4679-48eb-980b-01a3b39ab731','S',202662,'f040ca81-6cfc-4d33-a533-613c9037622a'),('bb97af98-360f-4d36-bb8b-3355f97f8b51','XL',164143,'f040ca81-6cfc-4d33-a533-613c9037622a'),('54b6b5a7-141b-4518-a6ce-7645dbb99bd9','XXXL',56384,'f040ca81-6cfc-4d33-a533-613c9037622a'),('bb2e6d5b-24f5-4c01-bb1b-5a463a6519ee','M',131990,'b83088d0-7244-4ddb-aa9e-71fa8300bdb5'),('dc072c12-dc42-449c-860e-73680ab17a06','L',72292,'b83088d0-7244-4ddb-aa9e-71fa8300bdb5'),('b256f57b-a6ec-4ad9-a786-2de9cb0de8ae','XL',216975,'b83088d0-7244-4ddb-aa9e-71fa8300bdb5'),('228a35ad-cf35-486b-b06f-44ee04924944','XXL',211470,'b83088d0-7244-4ddb-aa9e-71fa8300bdb5'),('1ee63a19-bdec-49e2-8fee-2f742b8f73cd','XXXL',197727,'b83088d0-7244-4ddb-aa9e-71fa8300bdb5'),('46f64681-1ef6-41ff-acc7-c08ea2bfce24','S',165517,'7d903eca-2c75-4841-af80-b3e9d363d771'),('5f5bf1ea-5859-48b0-aedd-e93587700249','L',230248,'7d903eca-2c75-4841-af80-b3e9d363d771'),('edc8de3e-f38a-45e2-ae11-c8dad191d096','XXL',220148,'7d903eca-2c75-4841-af80-b3e9d363d771'),('f3f525cd-db9f-4535-a8d4-e049bf92204b','XXXL',139505,'7d903eca-2c75-4841-af80-b3e9d363d771'),('7add8a0b-a175-47ed-aa6a-4e231a401110','M',91919,'c75af5bd-1dc1-49b3-b76c-c254364a9e0f'),('c23b1a7f-c432-4fa5-964e-a9d7e4ca4d43','XL',171065,'c75af5bd-1dc1-49b3-b76c-c254364a9e0f'),('37426cb5-8e9f-4b4b-8c07-a1ba683f9230','S',100303,'4e7236cf-2e16-4382-aabb-0e22ade77bd3'),('9a03c44b-cf95-4f1e-9342-0958e2e19279','L',221051,'4e7236cf-2e16-4382-aabb-0e22ade77bd3'),('f0ac6f9e-cb66-4d62-a868-bfd0ea454e2c','XL',101782,'4e7236cf-2e16-4382-aabb-0e22ade77bd3'),('c194739d-4d35-425e-9150-241ca692c1d5','S',185958,'5802cc26-ed98-4460-befb-f53598f18e1a'),('125f4d0f-c5be-475c-8096-f8e62f47ecce','M',206255,'5802cc26-ed98-4460-befb-f53598f18e1a'),('f1187139-8824-4094-af9c-7868b8633534','L',153869,'5802cc26-ed98-4460-befb-f53598f18e1a'),('f27b17dd-45c7-4fed-9049-cb365f0631eb','XXXL',68731,'5802cc26-ed98-4460-befb-f53598f18e1a'),('c7e5f305-a72e-49f4-98a3-87c761242426','L',188345,'fc59ae4b-b7b3-402d-8fb6-ddfd35a39448'),('6a01d25f-ca51-4c6f-b368-d4edeaebb467','XXL',77451,'fc59ae4b-b7b3-402d-8fb6-ddfd35a39448'),('9cdcddd1-c650-42fc-9f54-db0d30110f73','M',99995,'b2d26a3a-8862-4a6f-a93d-1cd3ac28b37f'),('2f5528fe-76ef-4a4f-a830-5c0aa10aa303','XL',168102,'b2d26a3a-8862-4a6f-a93d-1cd3ac28b37f'),('686db545-bd87-42fb-8952-274d711a7d8f','XXL',93922,'b2d26a3a-8862-4a6f-a93d-1cd3ac28b37f'),('07b751ea-1973-48c5-9b52-a762f870c380','S',114537,'f31375c3-0d0b-45c9-a77b-44253d286d35'),('a617afd6-8bba-4f55-b468-18e6e9d8227b','L',154487,'f31375c3-0d0b-45c9-a77b-44253d286d35'),('0cd69f25-e423-4483-b908-066389c261b9','XXL',115759,'f31375c3-0d0b-45c9-a77b-44253d286d35'),('1e13a640-5732-41dc-b556-aa227a850d87','XXXL',225539,'f31375c3-0d0b-45c9-a77b-44253d286d35'),('3b55963d-0c9e-4c82-8b9f-7ee562a00704','XL',153684,'8d1189cf-4ad9-475a-a044-d3b296c41bfa'),('5dbe08cd-3a15-455c-b619-7a6f6d3b6a96','M',110535,'f868b9d4-09a5-44fd-94d7-7613c78804c4'),('e3304486-6dea-493a-a81b-31a039b1ce8a','XXL',83688,'f868b9d4-09a5-44fd-94d7-7613c78804c4'),('73820736-2789-402b-aa6c-cd6d6566be1e','XXXL',221653,'f868b9d4-09a5-44fd-94d7-7613c78804c4'),('4bde0fe4-20e3-47fd-aa03-a8a9ae38bda8','S',95022,'e7f5df15-69ac-4adf-93f5-4218a256379d'),('7f0eac07-559b-4a2c-9bbb-8b2af8a938f2','XL',135777,'e7f5df15-69ac-4adf-93f5-4218a256379d'),('26d3309b-db85-4194-8ed0-cfb0f4ceff76','XXL',71384,'e7f5df15-69ac-4adf-93f5-4218a256379d'),('7bfaee3c-f1ed-4b62-bb2b-3d9c1b077148','XXXL',163222,'e7f5df15-69ac-4adf-93f5-4218a256379d'),('0086f67c-031e-4bdd-984a-53ab86cf5894','S',163986,'f836b6ad-bebf-42a8-97e6-4a9ed93468d9'),('42db1b00-2f97-4765-ad1d-90c161f47695','M',138874,'f836b6ad-bebf-42a8-97e6-4a9ed93468d9'),('71e79978-0ce6-4feb-8d62-d6be6d2fcbc6','XXXL',247920,'f836b6ad-bebf-42a8-97e6-4a9ed93468d9'),('ba5ab681-3c87-4af8-af65-a221dcfd712d','S',201505,'a9e0909a-7001-47a5-ae9a-82b30664db8f'),('afe0296d-9b28-4ee8-918a-236a8178e961','XL',129218,'a9e0909a-7001-47a5-ae9a-82b30664db8f'),('5e4733d9-ef7b-4757-ad08-9011b0bbd598','XXXL',180154,'a9e0909a-7001-47a5-ae9a-82b30664db8f'),('75af3059-13fb-43ac-9537-8775af480e49','L',148122,'806af13e-f160-4935-8343-086196aa0329'),('5bad3437-f117-44da-95ff-9eec878e71a4','XXL',61376,'806af13e-f160-4935-8343-086196aa0329'),('a42dd508-4319-465a-8980-d14cf504399a','XL',236290,'62e9a4cb-de8a-43b1-82dc-9ccd97f90e6c'),('5559b787-8ee9-483f-9bc8-2e44d9b4c724','XXL',73980,'62e9a4cb-de8a-43b1-82dc-9ccd97f90e6c'),('63befea9-cb6f-4085-a4de-401d8856254b','XXXL',248673,'62e9a4cb-de8a-43b1-82dc-9ccd97f90e6c'),('c56b85c1-b089-463d-b93c-714abcf4a9df','S',72321,'cda11df4-2b05-4229-b6f4-86ae84825460'),('eba67460-dfaf-45b0-8386-7b2a9cc48f93','M',208694,'cda11df4-2b05-4229-b6f4-86ae84825460'),('838180f6-3316-416a-8f96-1fb40fb54471','L',217709,'cda11df4-2b05-4229-b6f4-86ae84825460'),('bb0ceafa-e2f9-47d1-aa72-eeb39f30528c','XXL',221709,'cda11df4-2b05-4229-b6f4-86ae84825460'),('f17ad606-7cf4-4d3d-b27c-3319da4f430d','XXXL',129107,'cda11df4-2b05-4229-b6f4-86ae84825460'),('606ade52-85ad-4cd8-8c1f-ceaf6990c580','S',239254,'93963018-cc00-4fbb-a2ff-9206232de53e'),('c3ebde18-2e5a-47f9-bdf1-2c9e5fbb4a9d','M',224076,'93963018-cc00-4fbb-a2ff-9206232de53e'),('a4b051d6-934a-4a5d-94dd-7cdf2b543a77','XXL',133621,'93963018-cc00-4fbb-a2ff-9206232de53e'),('9cce48a9-2d88-4536-bc28-d862c260bfd1','XXXL',231130,'93963018-cc00-4fbb-a2ff-9206232de53e'),('ef8a9135-9b20-45e3-8af8-19be5b87db7c','M',227385,'6e2a6135-47e2-46b1-b6ee-052c2a34dcbe'),('c9309ef8-f195-4064-8725-179418beefeb','XL',202415,'6e2a6135-47e2-46b1-b6ee-052c2a34dcbe'),('43742339-8f5f-488c-9fbc-056ae7b7c525','S',157790,'7a9451bb-d717-459e-be90-e8d09adccad3'),('a6cac216-e1df-4704-bcd3-6aecb520bc60','M',164724,'7a9451bb-d717-459e-be90-e8d09adccad3'),('0aa5f57b-e49c-4a06-8357-c88ecf6cf521','L',208131,'7a9451bb-d717-459e-be90-e8d09adccad3'),('7a0e623c-67b1-42cd-97fd-4cc98ac5589c','XL',175647,'7a9451bb-d717-459e-be90-e8d09adccad3'),('224e1351-90ad-4e0c-b260-b9101c22ca67','XXL',139993,'7a9451bb-d717-459e-be90-e8d09adccad3'),('6eb1024c-e251-4ff2-93eb-1b2edf951e64','S',71132,'965915dd-ae1b-4c74-a06b-6d37da257a15'),('7e6b8c77-c052-42e3-975c-8fb619dbc4e7','M',245499,'965915dd-ae1b-4c74-a06b-6d37da257a15'),('40f8a44c-bfba-4763-9ada-4183e5564692','L',134293,'965915dd-ae1b-4c74-a06b-6d37da257a15'),('0bfa0dbc-8ca3-4f6d-b26d-ff847250f058','XXL',125141,'965915dd-ae1b-4c74-a06b-6d37da257a15'),('6f251c76-b485-4207-89aa-358d29f47380','S',228155,'16e57705-808c-4287-8e58-660e503d8a7c'),('a0b28473-ff7e-46ec-9034-4eba2dbc1993','L',248655,'16e57705-808c-4287-8e58-660e503d8a7c'),('1e71c5fe-8563-4040-b7a1-4beb5276900a','XXXL',100033,'16e57705-808c-4287-8e58-660e503d8a7c'),('257d4b1d-6c48-484d-9144-d4a34917c7c4','S',134497,'f3ee93a3-1f15-4475-a509-a3d4b38c0c58'),('00150462-c944-4ab1-b95f-8c81c22c2aea','M',150726,'f3ee93a3-1f15-4475-a509-a3d4b38c0c58'),('642074e3-ecc6-475a-8fa1-4879e5b65a99','L',91167,'a21db4ef-9110-4589-b49d-4eda5459b1a5'),('fd2e8613-a73d-4781-a628-c306d1089b76','XXL',206857,'a21db4ef-9110-4589-b49d-4eda5459b1a5'),('8fdb6a46-0c53-43ea-a97c-99919ae6fcad','S',192557,'39e3e807-9738-4a99-ac45-c1cb8bcd7a1f'),('7160e7a2-6cd2-43c1-9cf7-8fd354800801','L',158926,'39e3e807-9738-4a99-ac45-c1cb8bcd7a1f'),('b31e5e19-eb84-444d-9ff0-d2b334588173','XL',202326,'18964b52-0aa8-4b25-843d-cb17b1ddc1fe'),('c0fc446b-3e59-448f-9d3f-8b10205376b7','L',223818,'eabfa3d6-090c-4427-b591-33a40de03d4f'),('0b49323b-caf7-482b-a60c-86f87549597e','XL',176614,'eabfa3d6-090c-4427-b591-33a40de03d4f'),('6451c765-0ef0-4a0e-88ed-23a7fbc877f0','XXXL',121827,'eabfa3d6-090c-4427-b591-33a40de03d4f'),('1c051d3c-96b6-4ce4-a740-428b26823237','S',167255,'44ec511a-17c5-406a-ac47-8b33379a9258'),('706f7a0a-407a-4255-aec4-ed5bc3d122d6','M',173556,'44ec511a-17c5-406a-ac47-8b33379a9258'),('0ecd4de4-c778-4bf4-9847-1bb0d37ec660','L',90009,'44ec511a-17c5-406a-ac47-8b33379a9258'),('3d81a2bb-a4c5-4d45-9af5-4ff576050e0e','XL',134501,'44ec511a-17c5-406a-ac47-8b33379a9258'),('c0f7b506-d537-40f6-87df-4add318519b4','XXL',157251,'44ec511a-17c5-406a-ac47-8b33379a9258'),('ca775938-e06c-404f-b7fd-a0149d2e211a','S',86366,'54adc3b9-54f5-46f1-9c70-569faea8b328'),('605934ff-a6f7-47ce-9606-706591a7bb44','XL',94984,'54adc3b9-54f5-46f1-9c70-569faea8b328'),('6729e1b2-9a6b-4a4a-b31a-8dfee95a548e','S',164390,'a087b803-9b5a-4820-9aef-e4609d80cf17'),('dd5f9881-39cf-4990-aceb-22673cad5adc','M',120810,'a087b803-9b5a-4820-9aef-e4609d80cf17'),('928c146d-a88f-41cf-b449-039f6ec8bdcf','XXL',185237,'a087b803-9b5a-4820-9aef-e4609d80cf17'),('3ac70cb5-f8c0-4e7b-bd72-f2dece399a08','XXXL',103113,'a087b803-9b5a-4820-9aef-e4609d80cf17'),('f2da61ff-d501-4d47-a14a-a5b0f0f83329','M',103500,'875d52c3-3ce5-4e06-8c6d-4162a863b718'),('804b826a-a14a-43a4-a0b4-44f1124c7cce','XXL',193753,'875d52c3-3ce5-4e06-8c6d-4162a863b718'),('a85e0ae7-dc51-4d2d-bec6-8ac10e75cd5d','XXXL',178440,'875d52c3-3ce5-4e06-8c6d-4162a863b718'),('2c0a1fa6-9f0f-4c33-afcc-c9054993cfb9','S',226157,'96bd3066-32ca-4017-8ee8-a445bf789b98'),('d1727363-cc0a-4ee8-b7d2-5e2a68dac262','M',63417,'96bd3066-32ca-4017-8ee8-a445bf789b98'),('b8d8f378-4b82-4e06-b9b5-daf423adae89','L',127780,'96bd3066-32ca-4017-8ee8-a445bf789b98'),('e1dfef07-83dc-4a96-9bab-5f851ace50ab','XXL',191212,'96bd3066-32ca-4017-8ee8-a445bf789b98'),('d2f2186c-563a-4df1-bc23-eb80765f0120','XXXL',230729,'96bd3066-32ca-4017-8ee8-a445bf789b98'),('2e6a6438-aa81-4327-ab93-061185b28674','S',208201,'8c6960d8-a631-4fcc-81a8-4e8ab18d0651'),('9a2b2198-370e-4fa4-9e3f-568aa2b5ac67','M',147374,'8c6960d8-a631-4fcc-81a8-4e8ab18d0651'),('88c59b49-12ca-4e27-bc14-0087f2134366','XXL',245149,'8c6960d8-a631-4fcc-81a8-4e8ab18d0651'),('11fc3160-b7cd-418e-ba00-6214c3a88bb2','S',55043,'7bb1774e-5b65-4aba-bbdb-b5146d7a5167'),('b1053db0-1642-42ac-a45d-696d64d5da75','M',75027,'7bb1774e-5b65-4aba-bbdb-b5146d7a5167'),('92a035de-43c8-4d0c-8943-f650d377bd06','L',203015,'7bb1774e-5b65-4aba-bbdb-b5146d7a5167'),('7fc4c0e1-004a-49fb-9255-15c528915718','XXXL',116085,'7bb1774e-5b65-4aba-bbdb-b5146d7a5167'),('d64a06a8-702d-4e00-9a00-5fb443cc29fd','S',180997,'7689f1fa-8749-4a4c-9a63-f1689b8efc1c'),('32d056fe-d991-46b6-873e-f382c192f981','M',210413,'7689f1fa-8749-4a4c-9a63-f1689b8efc1c'),('8592535b-4368-454c-b3f6-cc5792d36b28','L',145548,'7689f1fa-8749-4a4c-9a63-f1689b8efc1c'),('746fbe0e-6516-49e7-ac64-269c3fbc4620','XL',73144,'7689f1fa-8749-4a4c-9a63-f1689b8efc1c'),('82a069da-f714-4363-a34d-5db829e61b0e','XXL',236344,'7689f1fa-8749-4a4c-9a63-f1689b8efc1c'),('8f85a268-a953-46ee-a125-621ba28d9158','XL',80106,'e1560639-1bdd-4672-bf7a-2eb10bec4364'),('3d853e53-fefa-4bca-80d4-d0d35981b4fe','XXL',158343,'e1560639-1bdd-4672-bf7a-2eb10bec4364'),('4b39c56e-965e-4400-8c89-e483e59909c0','L',60557,'1190b611-283c-460e-bdd9-e2c0b64e2f0d'),('fbc7ec2e-d4f4-4e9b-8e2e-cfbc3c2461ea','XL',221877,'1190b611-283c-460e-bdd9-e2c0b64e2f0d'),('c61fc57a-020c-43c5-9e54-fabd4da125b8','XXXL',67732,'1190b611-283c-460e-bdd9-e2c0b64e2f0d'),('99040e7f-0152-4ce7-a409-6238ff137e1a','M',68104,'40263da5-c7b3-423c-aa79-988fbf6667d7'),('eb6c501f-7dec-4a89-a829-3b68a86e413f','L',136144,'40263da5-c7b3-423c-aa79-988fbf6667d7'),('11794194-9490-46f7-8919-47d2e73c4b34','XXL',199991,'40263da5-c7b3-423c-aa79-988fbf6667d7'),('860cdbc0-13a6-420f-8706-dcf095630a96','M',235285,'7427e0fe-ba49-4dd9-a82d-108ba8e56762'),('51f1f347-ac7a-4c37-a613-45a83e6e2e0b','XL',234560,'7427e0fe-ba49-4dd9-a82d-108ba8e56762'),('5c9c4b03-b5ee-4d8b-905f-3b38f415f04b','XXXL',227798,'7427e0fe-ba49-4dd9-a82d-108ba8e56762'),('23dee95c-cf1f-4311-9e28-8f1009e29c37','L',85390,'d9ceca88-2c08-4219-8ed0-45c39be995cf'),('5cda1b58-c505-4a59-8166-ff4944f982ab','XXL',125155,'d9ceca88-2c08-4219-8ed0-45c39be995cf'),('0280fceb-f07d-4874-be5c-94f321e0d98a','XXXL',216899,'d9ceca88-2c08-4219-8ed0-45c39be995cf'),('9c85c5d7-4bde-4795-bb40-b35eb7010936','S',147157,'2b079150-68a9-4dd2-ae6e-e938cda1de67'),('a9673064-ec78-4597-ba8e-b5e85052914d','M',249193,'2b079150-68a9-4dd2-ae6e-e938cda1de67'),('530e247f-8e66-465e-bb9e-c5232b2e17e6','L',171777,'2b079150-68a9-4dd2-ae6e-e938cda1de67'),('98c55931-4551-4a75-a720-1463c71e4d97','XL',104284,'2b079150-68a9-4dd2-ae6e-e938cda1de67'),('33444914-dbc8-4412-ae28-e6bf02bd5cbd','XXXL',142829,'2b079150-68a9-4dd2-ae6e-e938cda1de67'),('4eb41c55-7d53-4c1a-a234-3c4978c37974','M',157014,'a273beec-996b-453e-a43c-9da72dcfb4b5'),('6a2a5f20-6c70-42d4-b724-4ca20c47167b','L',166871,'a273beec-996b-453e-a43c-9da72dcfb4b5');
/*!40000 ALTER TABLE `sizes` ENABLE KEYS */;
UNLOCK TABLES;
/*!40103 SET TIME_ZONE=@OLD_TIME_ZONE */;

/*!40101 SET SQL_MODE=@OLD_SQL_MODE */;
/*!40014 SET FOREIGN_KEY_CHECKS=@OLD_FOREIGN_KEY_CHECKS */;
/*!40014 SET UNIQUE_CHECKS=@OLD_UNIQUE_CHECKS */;
/*!40101 SET CHARACTER_SET_CLIENT=@OLD_CHARACTER_SET_CLIENT */;
/*!40101 SET CHARACTER_SET_RESULTS=@OLD_CHARACTER_SET_RESULTS */;
/*!40101 SET COLLATION_CONNECTION=@OLD_COLLATION_CONNECTION */;
/*!40111 SET SQL_NOTES=@OLD_SQL_NOTES */;

-- Dump completed on 2024-01-22 23:32:26
